source_index,source_excel_row,calculator_key,catalog_id,canonical_name,catalog_url,source_label,source_disease,study,cutoff,catalog_purpose,sampling_design,data_source,provenance,confidence,confidence_group,evidence_group,exact_outcome_note,N,tp,fp,fn,tn,n_negative,negative_fraction,observed_prevalence,post_negative_risk,post_negative_risk_lo,post_negative_risk_hi,lowest_ruleout_threshold_supported
0,2,mdcalc:10514,10514,2012 EULAR/ACR Classification Criteria for Polymyalgia Rheumatica,https://www.mdcalc.com/calc/10514/2012-eular-acr-classification-criteria-polymyalgia-rheumatica,2012 EULAR/ACR Classification Criteria for Polymyalgia Rheumatica,Polymyalgia Rheumatica,"Dasgupta B, et al. 2012 provisional classification criteria for polymyalgia rheumatica: a EULAR/ACR collaborative initiative. Ann Rheum Dis. 2012;71:484–492.",Score ≥4 without ultrasound,Diagnosis,Unclear,v1_raw,human-extracted,Moderate,Moderate,Count-based,Exact outcome is not separately encoded in every frozen row; verify against source.,294,85,37,40,132,172,0.5850340136,0.425170068,0.2325581395,0.175686091,0.3011153378,
1,3,mdcalc:10564,10564,2023 Duke-International Society for Cardiovascular Infectious Diseases (ISCVID) Criteria,https://www.mdcalc.com/calc/10564/2023-duke-international-society-cardiovascular-infectious-diseases-iscvid-criteria,2023 Duke-International Society for Cardiovascular Infectious Diseases (ISCVID) Criteria,Infective Endocarditis,"van der Vaart TW, et al. External Validation of the 2023 Duke–International Society for Cardiovascular Infectious Diseases Diagnostic Criteria for Infective Endocarditis. Clin Infect Dis. 2024;78(4):922–929.",Definite IE; possible and rejected classifications treated as negativ,Diagnosis,Unclear,v1_raw,human-extracted,High,High,Count-based,Exact outcome is not separately encoded in every frozen row; verify against source.,595,336,12,63,184,247,0.4151260504,0.6705882353,0.2550607287,0.2047390856,0.3128845139,
2,4,mdcalc:3982,3982,4 A’s Test for Delirium Screening,https://www.mdcalc.com/calc/3982/4-test-delirium-assessment,4 A’s Test for Delirium Screening,Delirium,"Shenkin SD, et al. Delirium detection in older acute medical inpatients: a multicentre prospective comparative diagnostic test accuracy study of the 4AT and CAM. BMC Med. 2019;17:138.",4AT ≥4,Diagnosis,Unclear,v1_raw,human-extracted,High,High,Count-based,Exact outcome is not separately encoded in every frozen row; verify against source.,392,35,21,11,325,336,0.8571428571,0.1173469388,0.03273809524,0.0183769866,0.0576627612,0.1
3,5,mdcalc:10338,10338,4C Mortality Score for COVID-19,https://www.mdcalc.com/calc/10338/4c-mortality-score-covid-19,4C Mortality Score for COVID-19,In-hospital mortality from COVID-19,"Aletreby WT, et al. External Validation of 4C ISARIC Mortality Score in Critically Ill COVID-19 Patients From Saudi Arabia. Saudi J Med Med Sci. 2022;10(1):19–24.",Score >9 predicts in-hospital mortality,Prognosis,Unclear,v1_raw,human-extracted,Moderate,Moderate,Count-based,Exact outcome is not separately encoded in every frozen row; verify against source.,1493,400,241,167,685,852,0.5706630944,0.3797722706,0.1960093897,0.1707429379,0.2240047754,
4,6,mdcalc:1787,1787,4Ts Score for Heparin-Induced Thrombocytopenia,https://www.mdcalc.com/calc/1787/4ts-score-heparin-induced-thrombocytopenia,4Ts Score for Heparin-Induced Thrombocytopenia,Heparin-Induced Thrombocytopenia,"Pishko AM, et al. Prospective comparison of the HEP score and 4Ts score for the diagnosis of heparin-induced thrombocytopenia. Blood Adv. 2018;2(22):3155–3162.",≥4 positive; 0–3 negative,Diagnosis,Unclear,v1_raw,human-extracted,High,High,Count-based,Exact outcome is not separately encoded in every frozen row; verify against source.,292,42,167,1,82,83,0.2842465753,0.147260274,0.01204819277,0.002129977428,0.06513580668,0.1
5,7,mdcalc:10208,10208,Abbreviated Mental Test (AMT-10),https://www.mdcalc.com/calc/10208/abbreviated-mental-test-amt-10,Abbreviated Mental Test (AMT-10),"Abnormal cognitive function, including dementia or delirium","Chu et al., 1995, Validation of the Abbreviated Mental Test (Hong Kong version) in the elderly medical patient",AMT-10 <6 classified as abnormal,Diagnosis,Unclear,v1_raw,human-extracted,Moderate,Moderate,Count-based,Exact outcome is not separately encoded in every frozen row; verify against source.,60,24,2,1,33,34,0.5666666667,0.4166666667,0.02941176471,0.005210906276,0.1491557329,0.2
6,8,mdcalc:3995,3995,Abbreviated Mental Test 4 (AMT-4),https://www.mdcalc.com/calc/3995/abbreviated-mental-test-4-amt-4,Abbreviated Mental Test 4 (AMT-4),Cognitive impairment in older emergency-department patients,"Schofield et al., 2010, Screening for cognitive impairment in older people attending accident and emergency using the 4-item Abbreviated Mental Test",AMT-4 ≤3 classified as cognitive impairment,Diagnosis,Unclear,v1_raw,human-extracted,Moderate,Moderate,Count-based,Exact outcome is not separately encoded in every frozen row; verify against source.,601,181,45,45,330,375,0.6239600666,0.3760399334,0.12,0.09090426122,0.1568021517,0.2
7,9,mdcalc:1228,1228,ABC Score for Massive Transfusion,https://www.mdcalc.com/calc/1228/abc-score-massive-transfusion,ABC Score for Massive Transfusion,Requirement for massive transfusion after traumatic injury,"Friese et al., 2023, Prehospital Validation of the Assessment of Blood Consumption Score",ABC score ≥2; massive transfusion defined as ≥10 units of packed red blood cells within 24 hours,"Prognosis, Treatment",Unclear,v1_raw,human-extracted,Moderate,Moderate,Count-based,Exact outcome is not separately encoded in every frozen row; verify against source.,2067,77,310,51,1629,1680,0.8127721335,0.06192549589,0.03035714286,0.02316410972,0.03969303058,0.05
8,10,mdcalc:357,357,ABCD² Score for TIA,https://www.mdcalc.com/calc/357/abcd2-score-tia,ABCD² Score for TIA,Ischemic stroke within 7 days after TIA,"Ong et al., 2010, Validating the ABCD² Score for predicting stroke risk after transient ischemic attack in the ED",ABCD² ≥4; outcome: stroke within 7 days,Prognosis,Unclear,v1_raw,human-extracted,Moderate,Moderate,Count-based,Exact outcome is not separately encoded in every frozen row; verify against source.,470,76,249,12,133,145,0.3085106383,0.1872340426,0.08275862069,0.04797375047,0.1390807103,0.2
9,11,mdcalc:10136,10136,ABIC Score for Alcoholic Hepatitis,https://www.mdcalc.com/calc/10136/abic-score-alcoholic-hepatitis,ABIC Score for Alcoholic Hepatitis,Death within 28 days in patients with alcoholic hepatitis,"Božin et al., 2021, Comparison of prognostic scores for alcoholic hepatitis: a retrospective study",Admission ABIC >9.92; outcome: 28-day mortality,Prognosis,Unclear,v1_raw,human-extracted,Moderate-low,Moderate,Count-based,Exact outcome is not separately encoded in every frozen row; verify against source.,70,6,5,5,54,59,0.8428571429,0.1571428571,0.08474576271,0.03674203302,0.1835179527,0.2
10,12,mdcalc:2203,2203,Absolute Lymphocyte Count (ALC),https://www.mdcalc.com/calc/2203/absolute-lymphocyte-count-alc,Absolute Lymphocyte Count (ALC) (not a validation study),"HIV/AIDS, immunodeficiency","Kakar A, Beri R, Gogia A, Byotra SP, Prakash V, Kumar S, Bhargava M. Absolute lymphocyte count: a cost-effective method of monitoring HIV-infected individuals. Indian J Pathol Microbiol. 2011;54(1):107–111. PMID: 21393889.","ALC ≤1,200 cells/mm³ predicts CD4 ≤200 cells/mm³","Diagnosis, Formula",Unclear,v1_raw,human-extracted,Moderate,Moderate,Count-based,Exact outcome is not separately encoded in every frozen row; verify against source.,182,38,11,21,112,133,0.7307692308,0.3241758242,0.1578947368,0.1056531375,0.229343721,
11,13,mdcalc:10640,10640,Academic Research Consortium for High Bleeding Risk (ARC-HBR) Criteria,https://www.mdcalc.com/calc/10640/academic-research-consortium-high-bleeding-risk-arc-hbr-criteria,Academic Research Consortium for High Bleeding Risk (ARC-HBR) Criteria,BARC type 3 or 5 major bleeding within 1 year after PCI,"Ueki et al., 2020, Validation of the ARC-HBR criteria in patients undergoing PCI",ARC-HBR positive: ≥1 major criterion or ≥2 minor criteria,Prognosis,Unclear,v1_raw,human-extracted,Moderate-high,Moderate-high,Count-based,Exact outcome is not separately encoded in every frozen row; verify against source.,12121,305,4476,140,7200,7340,0.6055605973,0.03671314248,0.01907356948,0.01618664857,0.02246362192,0.05
12,14,mdcalc:568,568,Acetaminophen Overdose and NAC Dosing,https://www.mdcalc.com/calc/568/acetaminophen-overdose-nac-dosing,Acetaminophen Overdose and NAC Dosing,Acetaminophen-induced hepatotoxicity following acute overdose,"Chomchai et al., 2026, Diagnostic Utility of the Paracetamol Concentration–Aminotransferase Activity Multiplication Product","Rumack–Matthew 150-treatment line: 150 mg/L at 4 hours, declining to approximately 4.7 mg/L at 24 hours","Diagnosis, Treatment",Unclear,v1_raw,human-extracted,Moderate-high,Moderate-high,Count-based,Exact outcome is not separately encoded in every frozen row; verify against source.,934,57,349,0,528,528,0.5653104925,0.06102783726,0,0,0.007222939763,0.01
13,15,mdcalc:10092,10092,ACR/EULAR 2010 Rheumatoid Arthritis Classification Criteria,https://www.mdcalc.com/calc/10092/acr-eular-2010-rheumatoid-arthritis-classification-criteria,ACR/EULAR 2010 Rheumatoid Arthritis Classification Criteria,Early rheumatoid arthritis requiring methotrexate treatment within 1 year,"Britsemmer et al., 2011, Validation of the 2010 ACR/EULAR Classification Criteria for Rheumatoid Arthritis: Slight Improvement Over the 1987 ACR Criteria","Score ≥6/10, after confirming synovitis in ≥1 joint and excluding a better alternative diagnosis",Diagnosis,Unclear,v1_raw,human-extracted,Moderate-high,Moderate-high,Count-based,Exact outcome is not separately encoded in every frozen row; verify against source.,455,302,51,52,50,102,0.2241758242,0.778021978,0.5098039216,0.4142102143,0.6046859727,
14,16,mdcalc:2195,2195,ACR/EULAR Gout Classification Criteria,https://www.mdcalc.com/calc/2195/acr-eular-gout-classification-criteria,ACR/EULAR Gout Classification Criteria,MSU crystal-confirmed gout in patients presenting with acute monoarthritis,"Janssens et al., 2017, Performance of the 2015 ACR-EULAR Classification Criteria for Gout in a Primary Care Population Presenting With Monoarthritis","Total score ≥8; MSU crystals in a symptomatic joint, bursa, or tophus independently satisfy classification",Diagnosis,Unclear,v1_raw,human-extracted,High,High,Count-based,Exact outcome is not separately encoded in every frozen row; verify against source.,381,147,3,69,162,231,0.6062992126,0.5669291339,0.2987012987,0.2433644952,0.3606236572,
15,17,mdcalc:10020,10020,ACTION ICU Score for Intensive Care in NSTEMI,https://www.mdcalc.com/calc/10020/action-icu-score-intensive-care-nstemi,ACTION ICU Score for Intensive Care in NSTEMI,Development of an in-hospital complication requiring ICU-level care after initially stable NSTEMI,"Vásquez-Rodríguez et al., 2023, Risk of Complications After a Non-ST-Segment Elevation Acute Myocardial Infarction in a Latin-American Cohort: An Application of the ACTION ICU Score",Study-optimized cutoff: score >3 considered higher risk; scores ≤3 considered lower risk,Prognosis,Cohort/consecutive,v1_raw,human-extracted,High,High,Count-based,Exact outcome is not separately encoded in every frozen row; verify against source.,1062,72,835,3,152,155,0.1459510358,0.07062146893,0.01935483871,0.006603876722,0.05535386966,0.1
16,18,mdcalc:2175,2175,Acute Gout Diagnosis Rule,https://www.mdcalc.com/calc/2175/acute-gout-diagnosis-rule,Acute Gout Diagnosis Rule,MSU crystal-confirmed acute gout versus culture-confirmed septic arthritis in patients with acute monoarthritis,"Lee et al., 2015, Application of a Novel Diagnostic Rule in the Differential Diagnosis Between Acute Gouty Arthritis and Septic Arthritis",Score ≥8 positive/high probability; score <8 treated as negative for this binary matrix,Diagnosis,Unclear,v1_raw,human-extracted,Moderate-high,Moderate-high,Count-based,Exact outcome is not separately encoded in every frozen row; verify against source.,136,61,3,21,51,72,0.5294117647,0.6029411765,0.2916666667,0.1993805619,0.4050574267,
17,19,mdcalc:10634,10634,Acute Pancreatitis Prediction Model,https://www.mdcalc.com/calc/10634/acute-pancreatitis-prediction-model,Acute Pancreatitis Prediction Model,Acute pancreatitis in patients presenting with serum lipase ≥3 times the upper limit of normal,"Jin et al., 2024, Prospective Validation of a Prediction Model for the Diagnosis of Acute Pancreatitis",Score ≥6 points,Prognosis,Unclear,v1_raw,human-extracted,High,High,Count-based,Exact outcome is not separately encoded in every frozen row; verify against source.,349,128,27,29,165,194,0.5558739255,0.4498567335,0.1494845361,0.106141086,0.2064398017,
18,20,mdcalc:1857,1857,ADAPT Protocol for Cardiac Event Risk,https://www.mdcalc.com/calc/1857/adapt-protocol-cardiac-event-risk,ADAPT Protocol for Cardiac Event Risk,30-day major adverse cardiac event in patients presenting with possible acute coronary syndrome,"Than et al., 2012, ADAPT Trial","Low risk/test negative: TIMI score 0, no ischemic ECG changes, and troponin below the institutional cutoff at both 0 and 2 hours; failure of any criterion is test positiv","Algorithm, Prognosis, Rule Out",Unclear,v1_raw,human-extracted,High,High,Count-based,Exact outcome is not separately encoded in every frozen row; verify against source.,1975,301,1282,1,391,392,0.1984810127,0.1529113924,0.002551020408,0.0004504597676,0.01430660696,0.02
19,21,mdcalc:3909,3909,Additional Nodal Metastasis Nomogram,https://www.mdcalc.com/calc/3909/additional-nodal-metastasis-nomogram,Additional Nodal Metastasis Nomogram,Additional non-sentinel lymph-node metastasis in sentinel-node-positive breast cancer,"Vieni et al., 2016",Nomogram probability >50% = positive/high risk; ≤50% = negative/low risk,Prognosis,Unclear,v1_raw,human-extracted,Moderate,Moderate,Count-based,Exact outcome is not separately encoded in every frozen row; verify against source.,175,72,18,6,79,85,0.4857142857,0.4457142857,0.07058823529,0.03275096311,0.1455605936,0.2
20,22,mdcalc:1730,1730,Adult Self-Report Scale (ASRS v1.1) for ADHD,https://www.mdcalc.com/calc/1730/adult-self-report-scale-asrs-adhd,Adult Self-Report Scale (ASRS v1.1) for ADHD,Adult attention-deficit/hyperactivity disorder,"van de Glind et al., 2013",Positive screen: ≥4 of the six ASRS Part A items in their designated shaded response categories,Diagnosis,Unclear,v1_raw,human-extracted,Moderate,Moderate,Count-based,Exact outcome is not separately encoded in every frozen row; verify against source.,1138,120,304,24,690,714,0.6274165202,0.1265377856,0.03361344538,0.02269055465,0.04952798077,0.05
21,23,mdcalc:10138,10138,Age-Adjusted D-dimer for Venous Thromboembolism (VTE),https://www.mdcalc.com/calc/10138/age-adjusted-d-dimer-venous-thromboembolism-vte,Age-Adjusted D-dimer for Venous Thromboembolism (VTE),Pulmonary embolism in adults >50 years with suspected PE,"Sharp et al., 2016",Positive: D-dimer ≥age × 10 µg/L FEU for patients >50 years; negative: below age-adjusted threshold,"Diagnosis, Rule Out",Unclear,v1_raw,human-extracted,Moderate,Moderate,Count-based,Exact outcome is not separately encoded in every frozen row; verify against source.,31094,471,11042,36,19545,19581,0.6297356403,0.01630539654,0.00183851693,0.001328363824,0.0025440933,0.005
22,24,mdcalc:3801,3801,AIMS65 Score for Upper GI Bleeding Mortality,https://www.mdcalc.com/calc/3801/aims65-score-upper-gi-bleeding-mortality,AIMS65 Score for Upper GI Bleeding Mortality,In-hospital mortality in adults with upper gastrointestinal bleeding,"Kılıç et al., 2023",AIMS65 ≥2 predicts high risk; 0–1 predicts low risk,Prognosis,Unclear,v1_raw,human-extracted,Moderate,Moderate,Count-based,Exact outcome is not separately encoded in every frozen row; verify against source.,592,25,128,6,433,439,0.7415540541,0.05236486486,0.01366742597,0.006278555741,0.0294937472,0.05
23,25,mdcalc:10070,10070,ALBI (Albumin-Bilirubin) Grade for Hepatocellular Carcinoma (HCC),https://www.mdcalc.com/calc/10070/albi-albumin-bilirubin-grade-hepatocellular-carcinoma-hcc,ALBI (Albumin-Bilirubin) Grade for Hepatocellular Carcinoma (HCC),Progression to malignant middle cerebral artery infarction after acute MCA ischemic stroke,"MacCallum et al., 2014",ASPECTS ≤7 = positive/high risk; ASPECTS >7 = negative/lower risk,Prognosis,Unclear,v1_raw,human-extracted,Moderate,Moderate,Count-based,Exact outcome is not separately encoded in every frozen row; verify against source.,226,54,16,54,102,156,0.6902654867,0.4778761062,0.3461538462,0.2760062701,0.4236961703,
24,26,mdcalc:3998,3998,ALT-70 Score for Cellulitis,https://www.mdcalc.com/calc/3998/alt-70-score-cellulitis,ALT-70 Score for Cellulitis,Lower-extremity cellulitis versus pseudocellulitis,"Pulia et al., 2024",Binary validation cutoff: ALT-70 ≥3 = positive; ≤2 = negative,Prognosis,Unclear,v1_raw,human-extracted,Moderate-high,Moderate-high,Count-based,Exact outcome is not separately encoded in every frozen row; verify against source.,175,83,71,1,20,21,0.12,0.48,0.04761904762,0.00845598781,0.2266936007,
25,27,mdcalc:10343,10343,Altitude-Adjusted PERC Rule,https://www.mdcalc.com/calc/10343/altitude-adjusted-perc-rule,Altitude-Adjusted PERC Rule,Pulmonary embolism,"Wolf et al., 2008, Assessment of the Pulmonary Embolism Rule-out Criteria rule for evaluation of suspected pulmonary embolism in the emergency department","PERC negative when all eight criteria absent; altitude-adjusted oxygen-saturation threshold ≥90% at approximately 5,280 ft","Diagnosis, Rule Out",Unclear,v1_raw,human-extracted,Low-moderate,Moderate,Count-based,Exact outcome is not separately encoded in every frozen row; verify against source.,134,16,99,0,19,19,0.1417910448,0.1194029851,0,0,0.1681792241,0.2
26,28,mdcalc:617,617,Alvarado Score for Acute Appendicitis,https://www.mdcalc.com/calc/617/alvarado-score-acute-appendicitis,Alvarado Score for Acute Appendicitis,Appendicitis,"McKay, Robert, and Jessica Shepherd. “The use of the clinical scoring system by Alvarado in the decision to perform computed tomography for acute appendicitis in the ED.” The American journal of emergency medicine vol. 25,5 (2007): 489-93. doi:10.1016/j.ajem.2006.08.020",Score ≥7 (rule in),Diagnosis,Unclear,v1_raw,human-extracted,Moderate,Moderate,Count-based,Exact outcome is not separately encoded in every frozen row; verify against source.,147,28,8,23,88,111,0.7551020408,0.3469387755,0.2072072072,0.1422291716,0.291773142,
27,29,mdcalc:617,617,Alvarado Score for Acute Appendicitis,https://www.mdcalc.com/calc/617/alvarado-score-acute-appendicitis,Alvarado Score for Acute Appendicitis,Appendicitis,"McKay, Robert, and Jessica Shepherd. “The use of the clinical scoring system by Alvarado in the decision to perform computed tomography for acute appendicitis in the ED.” The American journal of emergency medicine vol. 25,5 (2007): 489-93. doi:10.1016/j.ajem.2006.08.021",Score <4 (rule out); test-positive threshold ≥4,Diagnosis,Unclear,v1_raw,human-extracted,Moderate,Moderate,Count-based,Exact outcome is not separately encoded in every frozen row; verify against source.,147,49,43,2,53,55,0.3741496599,0.3469387755,0.03636363636,0.01002954129,0.1232346397,0.2
28,30,mdcalc:4020,4020,American Diabetes Association (ADA) Risk Calculator,https://www.mdcalc.com/calc/4020/american-diabetes-association-ada-risk-calculator,American Diabetes Association (ADA) Risk Calculator,Undiagnosed type 2 diabetes,"Woo et al., 2017, Validation of the diabetes screening tools proposed by the American Diabetes Association in an aging Chinese population",ADA risk score ≥5,Diagnosis,Unclear,v1_raw,human-extracted,Moderate,Moderate,Count-based,Exact outcome is not separately encoded in every frozen row; verify against source.,1415,76,571,19,749,768,0.5427561837,0.06713780919,0.02473958333,0.01589434303,0.0383155706,0.05
29,31,mdcalc:10439,10439,American University of Beirut (AUB)-HAS2 Cardiovascular Risk Index,https://www.mdcalc.com/calc/10439/american-university-beirut-aub-has2-cardiovascular-risk-index,American University of Beirut (AUB)-HAS2 Cardiovascular Risk Index,"Perioperative death, myocardial infarction, or stroke after noncardiac surgery","Li et al., 2026, Performance of the AUB-HAS2 cardiovascular risk index in coronary artery disease: a multicenter retrospective cohort study",AUB-HAS2 ≥2,Prognosis,Cohort/consecutive,v1_raw,human-extracted,Moderate-high,Moderate-high,Count-based,Exact outcome is not separately encoded in every frozen row; verify against source.,10294,273,3218,101,6702,6803,0.6608704099,0.03633184379,0.0148463913,0.01223415833,0.01800621968,0.02
30,32,mdcalc:4060,4060,Aortic Dissection Detection Risk Score (ADD-RS),https://www.mdcalc.com/calc/4060/aortic-dissection-detection-risk-score-add-rs,Aortic Dissection Detection Risk Score (ADD-RS),Acute aortic syndrome,"Nazerian et al., 2018, Diagnostic Accuracy of the Aortic Dissection Detection Risk Score Plus D-Dimer for Acute Aortic Syndromes: The ADvISED Prospective Multicenter Study",ADD-RS ≥1,"Diagnosis, Rule Out",Unclear,v1_raw,human-extracted,High,High,Count-based,Exact outcome is not separately encoded in every frozen row; verify against source.,1850,229,1183,12,426,438,0.2367567568,0.1302702703,0.02739726027,0.01574055429,0.04727177346,0.05
31,33,mdcalc:1868,1868,APACHE II Score,https://www.mdcalc.com/calc/1868/apache-ii-score,APACHE II Score,In-hospital mortality among adult ICU patients,"Tian et al., 2022, Dynamic APACHE II Score to Predict the Outcome of Intensive Care Unit Patients",Day-3 APACHE II ≥17,Prognosis,Unclear,v1_raw,human-extracted,Moderate,Moderate,Count-based,Exact outcome is not separately encoded in every frozen row; verify against source.,6374,928,3081,288,2077,2365,0.3710385943,0.1907750235,0.1217758985,0.1092056518,0.1355728481,0.2
32,34,mdcalc:10104,10104,Apfel Score for Postoperative Nausea and Vomiting,https://www.mdcalc.com/calc/10104/apfel-score-postoperative-nausea-vomiting,Apfel Score for Postoperative Nausea and Vomiting,Postoperative nausea or vomiting within 24 hours,"Sherif et al., 2015, Validation of the Apfel Scoring System for Identification of High-risk Patients for PONV",Apfel score ≥3,Prognosis,Unclear,v1_raw,human-extracted,Moderate,Moderate,Count-based,Exact outcome is not separately encoded in every frozen row; verify against source.,150,36,18,27,69,96,0.64,0.42,0.28125,0.2010741084,0.3782589613,
33,35,mdcalc:23,23,APGAR Score,https://www.mdcalc.com/calc/23/apgar-score,APGAR Score,Mortality before discharge in very-preterm infants,"Ehrhardt et al., EPICE-SHIPS multinational prospective population-based cohort, published online 2025",5-minute APGAR <7,"Prognosis, Formula",Cohort/consecutive,v1_raw,human-extracted,Moderate,Moderate,Count-based,Exact outcome is not separately encoded in every frozen row; verify against source.,7396,534,960,406,5496,5902,0.7979989183,0.1270957274,0.0687902406,0.06260965831,0.07553178427,0.1
34,36,mdcalc:3984,3984,Appendicitis Inflammatory Response (AIR) Score,https://www.mdcalc.com/calc/3984/appendicitis-inflammatory-response-air-score,Appendicitis Inflammatory Response (AIR) Score,Acute appendicitis,"Andersson et al., 2021, prospective multicenter external validation at 25 Swedish hospitals",AIR ≥5,Diagnosis,Unclear,v1_raw,human-extracted,High,High,Count-based,Exact outcome is not separately encoded in every frozen row; verify against source.,3878,1377,921,168,1412,1580,0.4074265085,0.3984012378,0.1063291139,0.092072693,0.1224951584,0.2
35,37,mdcalc:10022,10022,ARISCAT Score for Postoperative Pulmonary Complications,https://www.mdcalc.com/calc/10022/ariscat-score-postoperative-pulmonary-complications,ARISCAT Score for Postoperative Pulmonary Complications,Postoperative pulmonary complications,"Mazo et al., 2014, PERISCOPE prospective external validation across 63 European centers",ARISCAT ≥26,Prognosis,Unclear,v1_raw,human-extracted,High,High,Count-based,Exact outcome is not separately encoded in every frozen row; verify against source.,5099,280,1162,124,3533,3657,0.7171994509,0.07923122181,0.03390757451,0.02851335986,0.04027996584,0.05
36,38,mdcalc:306,306,ASAS Criteria for Axial Spondyloarthritis (SpA),https://www.mdcalc.com/calc/306/asas-criteria-axial-spondyloarthritis-spa,ASAS Criteria for Axial Spondyloarthritis (SpA),Axial spondyloarthritis,"Rudwaleit et al., 2009, prospective international ASAS development and validation cohort",Meets either complete imaging arm or clinical arm,Diagnosis,Cohort/consecutive,v1_raw,human-extracted,Moderate -high,Moderate-high,Count-based,Exact outcome is not separately encoded in every frozen row; verify against source.,649,324,40,67,218,285,0.4391371341,0.6024653313,0.2350877193,0.1895807749,0.2876410872,
37,39,mdcalc:10032,10032,ASAS Criteria for Peripheral SpondyloArthritis (SpA),https://www.mdcalc.com/calc/10032/asas-criteria-peripheral-spondyloarthritis-spa,ASAS Criteria for Peripheral Spondyloarthritis (SpA),Peripheral spondyloarthritis,"Rudwaleit et al., 2011, prospective international ASAS development and validation cohort",Meets complete ASAS peripheral SpA criteria,Diagnosis,Cohort/consecutive,v1_raw,human-extracted,Moderate -high,Moderate-high,Count-based,Exact outcome is not separately encoded in every frozen row; verify against source.,266,137,16,39,74,113,0.4248120301,0.6616541353,0.3451327434,0.2638717614,0.4365770318,
38,40,mdcalc:3398,3398,ASCVD 2013 Risk Calculator,https://www.mdcalc.com/calc/3398/ascvd-atherosclerotic-cardiovascular-disease-2013-risk-calculator-aha-acc,ASCVD 2013 Risk Calculator from AHA/ACC,First major ASCVD event within 10 years,"Chia et al., 2014, 10-year retrospective external validation in a Malaysian primary-care cohort",Predicted 10-year ASCVD risk ≥7.5%,"Prognosis, Formula",Cohort/consecutive,v1_raw,human-extracted,Moderate,Moderate,Count-based,Exact outcome is not separately encoded in every frozen row; verify against source.,922,37,518,8,359,367,0.3980477223,0.04880694143,0.02179836512,0.01108606023,0.04241782492,0.05
39,41,mdcalc:3094,3094,AST to Platelet Ratio Index (APRI),https://www.mdcalc.com/calc/3094/ast-platelet-ratio-index-apri,AST to Platelet Ratio Index (APRI),Histologic cirrhosis in chronic hepatitis B,"Chen et al., 2013, liver-biopsy-referenced split-sample validation cohort",APRI ≥2.0,Formula,Cohort/consecutive,v1_raw,human-extracted,Moderate,Moderate,Count-based,Exact outcome is not separately encoded in every frozen row; verify against source.,148,12,8,7,121,128,0.8648648649,0.1283783784,0.0546875,0.02674020138,0.1085849003,0.2
40,42,mdcalc:10495,10495,Asthma Impairment and Risk Questionnaire (AIRQ),https://www.mdcalc.com/calc/10495/asthma-impairment-risk-questionnaire-airq,Asthma Impairment and Risk Questionnaire (AIRQ),Not well-controlled or very poorly controlled asthma,"Kanniess et al., 2024, external cross-sectional validation of the German AIRQ",AIRQ ≥2,Prognosis,Unclear,v1_raw,human-extracted,High,High,Count-based,Exact outcome is not separately encoded in every frozen row; verify against source.,300,175,17,29,79,108,0.36,0.68,0.2685185185,0.1939490139,0.3589895786,
41,43,mdcalc:3381,3381,Asthma Predictive Index (API),https://www.mdcalc.com/calc/3381/asthma-predictive-index-api,Asthma Predictive Index (API),Active asthma at age 5–6 years among preschool children with recurrent wheezing,"Rodríguez-Martínez CE, Sossa-Briceño MP, Castro-Rodríguez JA. Pediatric Pulmonology. 2011;46:1175–1181. Prospective external validation in Bogotá, Colombia.",Positive stringent API: ≥3 wheezing episodes/year plus ≥1 major criterion or ≥2 minor criteria,Diagnosis,Unclear,v1_raw,human-extracted,Moderate,Moderate,Count-based,Exact outcome is not separately encoded in every frozen row; verify against source.,124,12,20,16,76,92,0.7419354839,0.2258064516,0.1739130435,0.1099816966,0.2639844268,
42,44,mdcalc:3967,3967,ASTRAL Score for Ischemic Stroke,https://www.mdcalc.com/calc/3967/astral-score-stroke,ASTRAL Score for Ischemic Stroke,"Poor 3-month functional outcome following acute ischemic stroke, defined as mRS 3–6","Kuroda et al. Comparative analysis of prognostic scores for functional outcome after ischemic stroke. Journal of the Neurological Sciences, 2025. External validation using the prospective multicenter Fukuoka Stroke Registry.","ASTRAL score ≥31, corresponding to an estimated ≥50% probability of unfavorable outcome",Prognosis,Unclear,v1_raw,human-extracted,Moderate-high,Moderate-high,Count-based,Exact outcome is not separately encoded in every frozen row; verify against source.,5830,1474,940,488,2928,3416,0.5859348199,0.336535163,0.1428571429,0.1315234912,0.1549931414,0.2
43,45,mdcalc:2021,2021,AUDIT-C for Alcohol Use,https://www.mdcalc.com/calc/2021/audit-c-alcohol-use,AUDIT-C for Alcohol Use,"Past-year alcohol misuse, defined as risky drinking above recommended limits and/or DSM-IV alcohol abuse or dependence",Frank D et al. Effectiveness of the AUDIT-C as a screening test for alcohol misuse in three race/ethnic groups. Journal of General Internal Medicine. 2008;23:781–787. Independent primary-care validation using standardized interviews in 392 men and 927 women.,Positive screen: AUDIT-C ≥4 in men or ≥3 in women,Diagnosis,Unclear,v1_raw,human-extracted,Moderate-high,Moderate-high,Count-based,Exact outcome is not separately encoded in every frozen row; verify against source.,1319,239,96,66,918,984,0.7460197119,0.2312357847,0.06707317073,0.05306691339,0.08444650803,0.1
44,46,mdcalc:3931,3931,Australian Type 2 Diabetes Risk (AUSDRISK) Assessment Tool,https://www.mdcalc.com/calc/3931/australian-type-2-diabetes-risk-ausdrisk-assessment-tool,Australian Type 2 Diabetes Risk (AUSDRISK) Assessment Tool,Development of type 2 diabetes within five years,"Chen L et al. AUSDRISK: an Australian Type 2 Diabetes Risk Assessment Tool based on demographic, lifestyle and simple anthropometric measures. Medical Journal of Australia. 2010;192:197–202. Prospective five-year AusDiab development cohort; separately validated in BMES and NWAHS using AUC and calibration only.",AUSDRISK ≥12 indicates high risk of developing type 2 diabetes within five years,"Diagnosis, Prognosis",Cohort/consecutive,v1_raw,human-extracted,Moderate,Moderate,Count-based,Exact outcome is not separately encoded in every frozen row; verify against source.,6060,268,1841,94,3857,3951,0.651980198,0.0597359736,0.0237914452,0.01948184093,0.02902616143,0.05
45,47,mdcalc:10090,10090,AWOL Score for Delirium,https://www.mdcalc.com/calc/10090/awol-score-delirium,AWOL Score for Delirium,Incident delirium developing during hospitalization in medical inpatients without delirium at admission,Douglas VC et al. The AWOL tool: derivation and validation of a delirium prediction rule. Journal of Hospital Medicine. 2013;8:493–499. Prospective validation at the San Francisco Veterans Affairs Medical Center.,AWOL ≥2 considered positive/high risk; AWOL 0–1 considered negative/lower risk,Prognosis,Unclear,v1_raw,human-extracted,Moderate,Moderate,Count-based,Exact outcome is not separately encoded in every frozen row; verify against source.,165,11,70,3,81,84,0.5090909091,0.08484848485,0.03571428571,0.01221966923,0.09981693573,0.1
46,48,mdcalc:3911,3911,Bacterial Meningitis Score for Children,https://www.mdcalc.com/calc/3911/bacterial-meningitis-score-children,Bacterial Meningitis Score for Children,Bacterial meningitis in children with CSF pleocytosis,Nigrovic LE et al. Clinical prediction rule for identifying children with cerebrospinal fluid pleocytosis at very low risk of bacterial meningitis. JAMA. 2007;297:52–60. Multicenter validation across 20 US academic emergency departments.,BMS >0 considered positive; BMS 0 considered negative/very low risk,"Diagnosis, Rule Out",Unclear,v1_raw,human-extracted,High,High,Count-based,Exact outcome is not separately encoded in every frozen row; verify against source.,3295,119,1462,2,1712,1714,0.5201820941,0.03672230653,0.001166861144,0.0003200537574,0.004244662492,0.005
47,49,mdcalc:4019,4019,BAP-65 Score for Acute Exacerbation of COPD,https://www.mdcalc.com/calc/4019/bap-65-score-acute-exacerbation-copd,BAP-65 Score for Acute Exacerbation of COPD,Acute exacerbation of COPD; composite severe outcome of in-hospital death and/or invasive mechanical ventilation,"Germini et al., 2019, retrospective external validation across 20 Italian EDs",BAP-65 ≥4,Prognosis,Unclear,v1_raw,human-extracted,Moderate,Moderate,Count-based,Exact outcome is not separately encoded in every frozen row; verify against source.,2908,62,441,92,2313,2405,0.8270288858,0.05295735901,0.03825363825,0.03129500667,0.04668499411,0.05
48,50,mdcalc:10086,10086,BARD Score for NAFLD Fibrosis,https://www.mdcalc.com/calc/10086/bard-score-nafld-fibrosis,BARD Score for NAFLD Fibrosis,Severe/advanced fibrosis in biopsy-confirmed NAFLD,"Ruffillo et al., 2011, external biopsy-based validation",BARD ≥2; scores 2–4 positive and 0–1 negative,Diagnosis,Unclear,v1_raw,human-extracted,High,High,Count-based,Exact outcome is not separately encoded in every frozen row; verify against source.,138,19,23,18,78,96,0.6956521739,0.268115942,0.1875,0.1220246999,0.2770225425,
49,51,mdcalc:1894,1894,Barnes Jewish Hospital Stroke Dysphagia Screen,https://www.mdcalc.com/calc/1894/barnes-jewish-hospital-stroke-dysphagia-screen,Barnes-Jewish Hospital Stroke Dysphagia Screen,Dysphagia following acute ischemic or hemorrhagic stroke,"Edmiaston et al., 2014, prospective validation against blinded VFSS",Positive/failed screen if any BJH-SDS item is abnormal; negative/pass only if all five items are normal,"Algorithm, Diagnosis, Prognosis, Rule Out, Treatment",Unclear,v1_raw,human-extracted,Moderate-high,Moderate-high,Count-based,Exact outcome is not separately encoded in every frozen row; verify against source.,225,100,40,6,79,85,0.3777777778,0.4711111111,0.07058823529,0.03275096311,0.1455605936,0.2
50,52,mdcalc:10567,10567,Berg Balance Scale (BBS),https://www.mdcalc.com/calc/10567/berg-balance-scale-bbs,Berg Balance Scale (BBS),Falls in community-dwelling older adults,"Bogle Thorbahn & Newton, 1996",BBS <45 predicts faller; ≥45 predicts non-faller,Prognosis,Unclear,v1_raw,human-extracted,Moderate,Moderate,Count-based,Exact outcome is not separately encoded in every frozen row; verify against source.,65,9,2,8,46,54,0.8307692308,0.2615384615,0.1481481481,0.07703063138,0.2660011528,
51,53,mdcalc:10294,10294,Berlin Criteria for Acute Respiratory Distress Syndrome,https://www.mdcalc.com/calc/10294/berlin-criteria-acute-respiratory-distress-syndrome,Berlin Criteria for Acute Respiratory Distress Syndrome,"Acute respiratory distress syndrome, using diffuse alveolar damage at autopsy as the reference","Thille et al., 2013","Meets Berlin definition for mild, moderate, or severe ARDS",Diagnosis,Unclear,v1_raw,human-extracted,Moderate,Moderate,Count-based,Exact outcome is not separately encoded in every frozen row; verify against source.,712,159,197,19,337,356,0.5,0.25,0.05337078652,0.03443050063,0.08184698157,0.1
52,54,mdcalc:1735,1735,BISAP Score for Pancreatitis Mortality,https://www.mdcalc.com/calc/1735/bisap-score-pancreatitis-mortality,BISAP Score for Pancreatitis Mortality,In-hospital mortality from acute pancreatitis,"Coluoglu et al., 2021",BISAP ≥3,Prognosis,Unclear,v1_raw,human-extracted,Moderate-high,Moderate-high,Count-based,Exact outcome is not separately encoded in every frozen row; verify against source.,1000,35,187,7,771,778,0.778,0.042,0.008997429306,0.004365057972,0.0184547332,0.02
53,55,mdcalc:4004,4004,Bova Score for Pulmonary Embolism Complications,https://www.mdcalc.com/calc/4004/bova-score-pulmonary-embolism-complications,Bova Score for Pulmonary Embolism Complications,"30-day PE-related complication: PE-related death, hemodynamic collapse, or recurrent nonfatal PE","Fernández et al., 2015","Bova score >4, stage III",Prognosis,Unclear,v1_raw,human-extracted,Moderate-high,Moderate-high,Count-based,Exact outcome is not separately encoded in every frozen row; verify against source.,1083,24,33,67,959,1026,0.9473684211,0.08402585411,0.06530214425,0.05174769519,0.0820995661,0.1
54,56,mdcalc:10038,10038,Braden Score for Pressure Ulcers,https://www.mdcalc.com/calc/10038/braden-score-pressure-ulcers,Braden Score for Pressure Ulcers,Development of a pressure ulcer,"Braden & Bergstrom, 1994",Braden score ≤18,"Prognosis, Treatment",Unclear,v1_raw,human-extracted,Moderate,Moderate,Count-based,Exact outcome is not separately encoded in every frozen row; verify against source.,102,22,19,6,55,61,0.5980392157,0.2745098039,0.09836065574,0.04586457582,0.1984460722,0.2
55,57,mdcalc:10286,10286,Brescia-COVID Respiratory Severity Scale (BCRSS)/Algorithm,https://www.mdcalc.com/calc/10286/brescia-covid-respiratory-severity-scale-bcrss-algorithm,Brescia-COVID Respiratory Severity Scale (BCRSS)/Algorithm,ICU admission among hospitalized patients with COVID-19 pneumonia,"Rodriguez-Nava et al., 2021",BCRSS ≥3,"Algorithm, Diagnosis, Treatment",Unclear,v1_raw,human-extracted,Moderate,Moderate,Count-based,Exact outcome is not separately encoded in every frozen row; verify against source.,313,63,56,35,159,194,0.6198083067,0.3130990415,0.1804123711,0.1326774601,0.2405580551,
56,58,mdcalc:4016,4016,Brief Resolved Unexplained Events (BRUE) Criteria for Infants,https://www.mdcalc.com/calc/4016/brief-resolved-unexplained-events-brue-criteria-infants,Brief Resolved Unexplained Events (BRUE) Criteria for Infants,Serious underlying diagnosis following BRUE,"Nama et al., External Validation of Brief Resolved Unexplained Events Prediction Rules for Serious Underlying Diagnosis, JAMA Pediatrics, 2025",Positive = meets ≥1 AAP higher-risk criterion; negative = meets all lower-risk criteria,Diagnosis,Unclear,v1_raw,human-extracted,High,High,Count-based,Exact outcome is not separately encoded in every frozen row; verify against source.,1042,79,898,0,65,65,0.06238003839,0.07581573896,0,3.469446952e-18,0.05580153132,0.1
57,59,mdcalc:10017,10017,Bristol Stool Form Scale,https://www.mdcalc.com/calc/10017/bristol-stool-form-scale,Bristol Stool Form Scale,Delayed colonic transit in adults with chronic adults with constipation,"Jaruvongvanich et al., Prediction of Delayed Colonic Transit Using Bristol Stool Form and Stool Frequency in Eastern Constipated Patients, 2017",Mean five-day BSFS ≤3,Diagnosis,Unclear,v1_raw,human-extracted,Moderate,Moderate,Count-based,Exact outcome is not separately encoded in every frozen row; verify against source.,144,17,36,8,83,91,0.6319444444,0.1736111111,0.08791208791,0.04522020781,0.1639863888,0.2
58,60,mdcalc:4045,4045,Brugada Criteria for Ventricular Tachycardia,https://www.mdcalc.com/calc/4045/brugada-criteria-ventricular-tachycardia,Brugada Criteria for Ventricular Tachycardia,Ventricular tachycardia among regular wide-complex tachycardias,"May et al., Electrocardiogram Algorithms Used to Differentiate Wide Complex Tachycardias Demonstrate Diagnostic Limitations When Applied by Non-cardiologists, 2018",Positive = Brugada algorithm classifies the tracing as ventricular tachycardia,Diagnosis,Unclear,v1_raw,human-extracted,Moderate,Moderate,Count-based,Exact outcome is not separately encoded in every frozen row; verify against source.,807,429,134,51,193,244,0.302354399,0.594795539,0.2090163934,0.162704519,0.2643485629,
59,61,mdcalc:10501,10501,BUN Creatinine Ratio,https://www.mdcalc.com/calc/10501/bun-creatinine-ratio,BUN Creatinine Ratio,Upper versus lower gastrointestinal bleeding,"Felber et al., The BUN/Creatinine Ratio in Localizing Gastrointestinal Bleeding in Pediatric Patients, 1988",BUN/creatinine ratio ≥30 predicts an upper-GI bleeding source,Formula,Unclear,v1_raw,human-extracted,Moderate,Moderate,Count-based,Exact outcome is not separately encoded in every frozen row; verify against source.,65,11,1,5,48,53,0.8153846154,0.2461538462,0.09433962264,0.0409726415,0.2025372738,
60,62,mdcalc:10239,10239,Bush-Francis Catatonia Rating Scale,https://www.mdcalc.com/calc/10239/bush-francis-catatonia-rating-scale,Bush–Francis Catatonia Rating Scale,Catatonia according to DSM-5 criteria,"Cuevas-Esteban et al., Factor Analysis and Validation of the Bush–Francis Catatonia Rating Scale—Spanish Version, 2023",Positive screen = ≥2 signs on the 14-item BFCSI,Diagnosis,Unclear,v1_raw,human-extracted,Moderate,Moderate,Count-based,Exact outcome is not separately encoded in every frozen row; verify against source.,100,27,24,0,49,49,0.49,0.27,0,6.938893904e-18,0.07269781922,0.1
61,63,mdcalc:1729,1729,CAGE Questions for Alcohol Use,https://www.mdcalc.com/calc/1729/cage-questions-alcohol-use,CAGE Questions for Alcohol Use,Alcohol dependence,"Masur and Monteiro, Validation of the CAGE Alcoholism Screening Test in a Brazilian Psychiatric Inpatient Hospital Setting, 1983",CAGE score ≥2,Diagnosis,Unclear,v1_raw,human-extracted,Moderate,Moderate,Count-based,Exact outcome is not separately encoded in every frozen row; verify against source.,114,60,8,8,38,46,0.4035087719,0.5964912281,0.1739130435,0.09085791702,0.3072335372,
62,64,mdcalc:10297,10297,CAHP (Cardiac Arrest Hospital Prognosis) Score,https://www.mdcalc.com/calc/10297/cahp-cardiac-arrest-hospital-prognosis-score,CAHP (Cardiac Arrest Hospital Prognosis) Score,Unfavorable neurologic outcome after out-of-hospital cardiac arrest,"Wu et al., Clinical Validation of Cardiac Arrest Hospital Prognosis Score and MIRACLE2 Score to Predict Neurologic Outcomes After Out-of-Hospital Cardiac Arrest, 2022",CAHP ≥223.4 predicts an unfavorable neurologic outcome,Prognosis,Unclear,v1_raw,human-extracted,Moderate,Moderate,Count-based,Exact outcome is not separately encoded in every frozen row; verify against source.,185,105,6,49,25,74,0.4,0.8324324324,0.6621621622,0.5487851257,0.7595338648,
63,65,mdcalc:10544,10544,Canadian Association of Radiologists and Osteoporosis Canada (CAROC) System,https://www.mdcalc.com/calc/10544/canadian-association-radiologists-osteoporosis-canada-caroc-system,Canadian Association of Radiologists and Osteoporosis Canada (CAROC) System,Major osteoporotic fracture,"Leslie et al., 2011—CaMos validation cohort",High risk: >20% 10-year major osteoporotic-fracture risk,Prognosis,Cohort/consecutive,v1_raw,human-extracted,High,High,Count-based,Exact outcome is not separately encoded in every frozen row; verify against source.,6697,136,529,445,5587,6032,0.9007018068,0.08675526355,0.07377320955,0.06744432022,0.08064463555,0.1
64,66,mdcalc:696,696,Canadian C-Spine Rule,https://www.mdcalc.com/calc/696/canadian-c-spine-rule,Canadian C-Spine Rule,Clinically important cervical-spine injury,"Stiell et al., 2003—prospective multicenter validation",CCR positive: cervical-spine imaging indicated,"Algorithm, Diagnosis, Prognosis, Rule Out",Unclear,v1_raw,human-extracted,High,High,Count-based,Exact outcome is not separately encoded in every frozen row; verify against source.,7438,161,3995,1,3281,3282,0.4412476472,0.0217800484,0.0003046922608,5.378769069e-05,0.001723978794,0.005
65,67,mdcalc:608,608,Canadian CT Head Injury/Trauma Rule,https://www.mdcalc.com/calc/608/canadian-ct-head-injury-trauma-rule,Canadian CT Head Injury/Trauma Rule,Trauma,Validation study of 2702 patients aged 16+ with blunt head trauma at 9 Canadian EDs,CCHR positive criteria,"Algorithm, Diagnosis, Rule Out",Unclear,v2_llm_event_counts,model-extracted,high,High,Count-based,Exact outcome is not separately encoded in every frozen row; verify against source.,2707,231,1458,0,1018,1018,0.3760620613,0.08533431843,0,0,0.003759349151,0.005
66,68,mdcalc:10537,10537,Canadian Diabetes Risk Assessment Questionnaire (CANRISK),https://www.mdcalc.com/calc/10537/canadian-diabetes-risk-assessment-questionnaire-canrisk,Canadian Diabetes Risk Assessment Questionnaire (CANRISK),Dysglycemia (prediabetes or undiagnosed type 2 diabetes),"Agarwal et al., 2018—First Nations and Métis validation cohort",CANRISK ≥33 points,Prognosis,Cohort/consecutive,v1_raw,human-extracted,High,High,Count-based,Exact outcome is not separately encoded in every frozen row; verify against source.,1479,107,250,111,1011,1122,0.7586206897,0.1473968898,0.09893048128,0.08280506491,0.1177928586,0.2
67,69,mdcalc:3951,3951,Canadian Syncope Risk Score,https://www.mdcalc.com/calc/3951/canadian-syncope-risk-score,Canadian Syncope Risk Score,"Acute Coronary Syndrome, Atrial Fibrillation, Stroke / Transient Ischemic Attack (TIA)",Prospective cohort study from six large Canadian emergency departments,>= -2,"Diagnosis, Prognosis",Cohort/consecutive,v2_llm_event_counts,model-extracted,high,High,Count-based,Exact outcome is not separately encoded in every frozen row; verify against source.,4030,144,2875,1,1010,1011,0.2508684864,0.03598014888,0.0009891196835,0.0001746252554,0.005581405669,0.01
68,70,mdcalc:10421,10421,Canadian Transient Ischemic Attack (TIA) Score,https://www.mdcalc.com/calc/10421/canadian-transient-ischemic-attack-tia-score,Canadian Transient Ischemic Attack (TIA) Score,Stroke or carotid revascularization within 7 days,"Perry et al., 2021—prospective multicenter validation",High risk: Canadian TIA Score ≥9,Prognosis,Unclear,v1_raw,human-extracted,High,High,Count-based,Exact outcome is not separately encoded in every frozen row; verify against source.,7607,52,829,130,6596,6726,0.8841856185,0.02392533193,0.01932798097,0.01630165006,0.02290305639,0.05
69,71,mdcalc:10424,10424,Cancer and Aging Research Group Chemotherapy Toxicity Tool (CARG-TT),https://www.mdcalc.com/calc/10424/cancer-aging-research-group-chemotherapy-toxicity-tool-carg-tt,Cancer and Aging Research Group Chemotherapy Toxicity Tool (CARG-TT),Grade 3–5 chemotherapy toxicity,"Hurria et al., 2016—prospective external validation",High risk: CARG-TT ≥10 points,Treatment,Unclear,v1_raw,human-extracted,High,High,Count-based,Exact outcome is not separately encoded in every frozen row; verify against source.,250,40,17,105,88,193,0.772,0.58,0.5440414508,0.473599206,0.612764714,
70,72,mdcalc:3970,3970,Caprini Score for Venous Thromboembolism (2005),https://www.mdcalc.com/calc/3970/caprini-score-venous-thromboembolism-2005,Caprini Score for Venous Thromboembolism (2005),Venous thromboembolism within 60 days after lung resection,"Hachey et al., 2016—lung-resection validation cohort",High risk: Caprini score ≥9,Prognosis,Cohort/consecutive,v1_raw,human-extracted,High,High,Count-based,Exact outcome is not separately encoded in every frozen row; verify against source.,232,10,87,2,133,135,0.5818965517,0.05172413793,0.01481481481,0.004072203419,0.05240558706,0.1
71,73,mdcalc:10631,10631,Carpal Tunnel Syndrome-6 (CTS-6),https://www.mdcalc.com/calc/10631/carpal-tunnel-syndrome-6-cts-6,Carpal Tunnel Syndrome-6 (CTS-6),Carpal tunnel syndrome,"Fowler et al., 2015—prospective diagnostic validation",CTS-6 ≥12 points,"Diagnosis, Prognosis",Unclear,v1_raw,human-extracted,Moderate,Moderate,Count-based,Exact outcome is not separately encoded in every frozen row; verify against source.,85,49,6,6,24,30,0.3529411765,0.6470588235,0.2,0.09505107177,0.3730569641,
72,74,mdcalc:10029,10029,CART (Cardiac Arrest Risk Triage) Score,https://www.mdcalc.com/calc/10029/cart-cardiac-arrest-risk-triage-score,CART (Cardiac Arrest Risk Triage) Score,In-hospital cardiopulmonary arrest,"Tan et al., 2022",CART ≥12 at 8 hours,"Diagnosis, Prognosis",Unclear,v1_raw,human-extracted,Moderate,Moderate,Count-based,Exact outcome is not separately encoded in every frozen row; verify against source.,64,12,9,6,37,43,0.671875,0.28125,0.1395348837,0.06555723428,0.2726358797,
73,75,mdcalc:10039,10039,CASPAR Criteria for Psoriatic Arthritis,https://www.mdcalc.com/calc/10039/caspar-criteria-psoriatic-arthritis,CASPAR Criteria for Psoriatic Arthritis,Early psoriatic arthritis,"Coates et al., 2012",CASPAR score ≥3,Diagnosis,Unclear,v1_raw,human-extracted,High,High,Count-based,Exact outcome is not separately encoded in every frozen row; verify against source.,222,97,1,14,110,124,0.5585585586,0.5,0.1129032258,0.06845599725,0.1806138985,0.2
74,76,mdcalc:3954,3954,CATCH (Canadian Assessment of Tomography for Childhood Head injury) Rule,https://www.mdcalc.com/calc/3954/catch-canadian-assessment-tomography-childhood-head-injury-rule,CATCH (Canadian Assessment of Tomography for Childhood Head Injury) Rule,Brain injury on CT after pediatric head injury,"Babl et al., 2017",Any CATCH high- or medium-risk criterion,"Diagnosis, Rule Out",Unclear,v1_raw,human-extracted,High,High,Count-based,Exact outcome is not separately encoded in every frozen row; verify against source.,4957,125,2100,16,2716,2732,0.5511398023,0.02844462376,0.005856515373,0.00360815699,0.009492550547,0.01
75,77,mdcalc:104,104,Centor Score (Modified/McIsaac) for Strep Pharyngitis,https://www.mdcalc.com/calc/104/centor-score-modified-mcisaac-strep-pharyngitis,Centor Score (Modified/McIsaac) for Strep Pharyngitis,"Acute Pain, Coronavirus, Pharyngitis, Strep Pharyngitis","McIsaac et al., Empirical validation of guidelines for the management of pharyngitis in children and adults. JAMA, 2004.",Score ≥2 prompts,"Diagnosis, Rule Out, Treatment",Unclear,v1_raw,human-extracted,High,High,Count-based,Exact outcome is not separately encoded in every frozen row; verify against source.,621,85,41,15,480,495,0.7971014493,0.1610305958,0.0303030303,0.01844853702,0.04939157174,0.05
76,78,mdcalc:10488,10488,Central Nervous System International Prognostic Index (CNS-IPI),https://www.mdcalc.com/calc/10488/central-nervous-system-international-prognostic-index-cns-ipi,Central Nervous System International Prognostic Index (CNS-IPI),CNS relapse in diffuse large B-cell lymphoma,"Lee et al., 2017",High risk: CNS-IPI ≥4,Prognosis,Unclear,v1_raw,human-extracted,Moderate,Moderate,Count-based,Exact outcome is not separately encoded in every frozen row; verify against source.,812,20,137,29,626,655,0.8066502463,0.06034482759,0.04427480916,0.03100147121,0.06286247434,0.1
77,79,mdcalc:40,40,CHADS₂ Score for Atrial Fibrillation Stroke Risk,https://www.mdcalc.com/calc/40/chads2-score-atrial-fibrillation-stroke-risk,CHADS₂ Score for Atrial Fibrillation Stroke Risk,Ischemic stroke in nonrheumatic atrial fibrillation,"Gage et al., 2001",CHADS₂ ≥2,"Prognosis, Treatment",Unclear,v1_raw,human-extracted,High,High,Count-based,Exact outcome is not separately encoded in every frozen row; verify against source.,1733,75,1075,19,564,583,0.3364108482,0.05424120023,0.03259005146,0.02096151561,0.0503379098,0.1
78,80,mdcalc:3953,3953,CHALICE (Children's Head injury ALgorithm for the prediction of Important Clinical Events) Rule,https://www.mdcalc.com/calc/3953/chalice-childrens-head-injury-algorithm-prediction-important-clinical-events-rule,CHALICE (Children's Head Injury Algorithm for the Prediction of Important Clinical Events) Rule,Clinically significant intracranial injury after pediatric head injury,"Babl et al., 2017",Any CHALICE criterion present,"Diagnosis, Rule Out",Unclear,v1_raw,human-extracted,High,High,Count-based,Exact outcome is not separately encoded in every frozen row; verify against source.,20029,370,4303,31,15325,15356,0.766688302,0.02002096959,0.002018754884,0.001422620204,0.002863977349,0.005
79,81,mdcalc:10425,10425,Chemotherapy Risk Assessment Scale for High-Age Patients (CRASH) Score,https://www.mdcalc.com/calc/10425/chemotherapy-risk-assessment-scale-high-age-patients-crash-score,Chemotherapy Risk Assessment Scale for High-Age Patients (CRASH) Score,Severe chemotherapy toxicity,"Frelaut et al., 2023",Combined CRASH score ≥7,Treatment,Unclear,v1_raw,human-extracted,Moderate,Moderate,Count-based,Exact outcome is not separately encoded in every frozen row; verify against source.,165,49,41,41,34,75,0.4545454545,0.5454545455,0.5466666667,0.4344837385,0.6543020362,
80,82,mdcalc:340,340,Child-Pugh Score for Cirrhosis Mortality,https://www.mdcalc.com/calc/340/child-pugh-score-cirrhosis-mortality,Child-Pugh Score for Cirrhosis Mortality,Mortality after cardiac surgery in patients with cirrhosis,"Suman et al., 2004",Child-Pugh score >7,Prognosis,Unclear,v1_raw,human-extracted,Moderate,Moderate,Count-based,Exact outcome is not separately encoded in every frozen row; verify against source.,44,6,3,1,34,35,0.7954545455,0.1590909091,0.02857142857,0.005061491855,0.1453308723,0.2
81,83,mdcalc:3952,3952,CHIP (CT in Head Injury Patients) Prediction Rule,https://www.mdcalc.com/calc/3952/chip-ct-head-injury-patients-prediction-rule,CHIP (CT in Head Injury Patients) Prediction Rule,Intracranial traumatic finding after minor head injury,"Foks et al., 2018",Any major criterion or ≥2 minor criteria,"Diagnosis, Rule Out",Unclear,v1_raw,human-extracted,High,High,Count-based,Exact outcome is not separately encoded in every frozen row; verify against source.,4557,383,3253,24,897,921,0.2021066491,0.08931314461,0.02605863192,0.01757288651,0.03848154133,0.05
82,84,mdcalc:4009,4009,Cincinnati Prehospital Stroke Severity Scale (CP-SSS),https://www.mdcalc.com/calc/4009/cincinnati-prehospital-stroke-severity-scale-cp-sss,Cincinnati Prehospital Stroke Severity Scale (CP-SSS),Stroke / Transient Ischemic Attack (TIA),"Kummer et al., External Validation of the Cincinnati Prehospital Stroke Severity Scale. 2016.",CP-SSS ≥2,Diagnosis,Unclear,v1_raw,human-extracted,High,High,Count-based,Exact outcome is not separately encoded in every frozen row; verify against source.,664,56,77,24,507,531,0.7996987952,0.1204819277,0.04519774011,0.03055825057,0.06637039616,0.1
83,85,mdcalc:1736,1736,CIWA-Ar for Alcohol Withdrawal,https://www.mdcalc.com/calc/1736/ciwa-ar-alcohol-withdrawal,CIWA-Ar for Alcohol Withdrawal,Alcohol and sedative withdrawal,"Elefante et al., 2020",CIWA-Ar ≥8,Prognosis,Unclear,v1_raw,human-extracted,Moderate,Moderate,Count-based,Exact outcome is not separately encoded in every frozen row; verify against source.,35,9,2,10,14,24,0.6857142857,0.5428571429,0.4166666667,0.2446760261,0.6116533413,
84,86,mdcalc:3939,3939,CKD-EPI Equations for Glomerular Filtration Rate (GFR),https://www.mdcalc.com/calc/3939/ckd-epi-equations-glomerular-filtration-rate-gfr,CKD-EPI Equations for Glomerular Filtration Rate (GFR),Reduced GFR/Chronic Kidney Disease,"Levey et al., 2009",2009 CKD-EPI eGFR <60 versus measured GFR <60 mL/min/1.73 m²,Formula,Unclear,v1_raw,human-extracted,High,High,Count-based,Exact outcome is not separately encoded in every frozen row; verify against source.,3896,1640,272,162,1822,1984,0.5092402464,0.4625256674,0.08165322581,0.07039675154,0.0945265915,0.1
85,87,mdcalc:10240,10240,CLIF-C ACLF (Acute-on-Chronic Liver Failure),https://www.mdcalc.com/calc/10240/clif-c-aclf-acute-chronic-liver-failure,CLIF-C ACLF (Acute-on-Chronic Liver Failure),28-day mortality in ACLF grade 3,"Engelmann et al., 2018",CLIF-C ACLF ≥70 at 48 hours; 28-day mortality,Prognosis,Unclear,v1_raw,human-extracted,Moderate,Moderate,Count-based,Exact outcome is not separately encoded in every frozen row; verify against source.,68,15,0,34,19,53,0.7794117647,0.7205882353,0.641509434,0.5069114156,0.7569804745,
86,88,mdcalc:10160,10160,Clinical Dementia Rating (CDR) Scale,https://www.mdcalc.com/calc/10160/clinical-dementia-rating-cdr-scale,Clinical Dementia Rating (CDR) Scale,Dementia,"Karam et al., 2018",Arabic CDR global score ≥1,Diagnosis,Unclear,v1_raw,human-extracted,Moderate,Moderate,Count-based,Exact outcome is not separately encoded in every frozen row; verify against source.,132,65,2,10,55,65,0.4924242424,0.5681818182,0.1538461538,0.08577094067,0.2605531964,
87,89,mdcalc:2177,2177,Clinical Disease Activity Index (CDAI) for Rheumatoid Arthritis,https://www.mdcalc.com/calc/2177/clinical-disease-activity-index-cdai-rheumatoid-arthritis,Clinical Disease Activity Index (CDAI) for Rheumatoid Arthritis,High rheumatoid arthritis disease activity,"Arya et al., 2007",CDAI >21 versus DAS28 >5.1,Prognosis,Unclear,v1_raw,human-extracted,Moderate,Moderate,Count-based,Exact outcome is not separately encoded in every frozen row; verify against source.,100,73,3,7,17,24,0.24,0.8,0.2916666667,0.149146482,0.4916769366,
88,90,mdcalc:3997,3997,Clinical Index of Stable Febrile Neutropenia (CISNE),https://www.mdcalc.com/calc/3997/clinical-index-stable-febrile-neutropenia-cisne,Clinical Index of Stable Febrile Neutropenia (CISNE),Serious complications in stable febrile neutropenia,"Moon et al., 2018",CISNE ≥3,Diagnosis,Unclear,v1_raw,human-extracted,Moderate,Moderate,Count-based,Exact outcome is not separately encoded in every frozen row; verify against source.,299,40,79,30,150,180,0.602006689,0.2341137124,0.1666666667,0.1193117993,0.227951866,
89,91,mdcalc:3278,3278,Clinical Pulmonary Infection Score (CPIS) for Ventilator-Associated Pneumonia (VAP),https://www.mdcalc.com/calc/3278/clinical-pulmonary-infection-score-cpis-ventilator-associated-pneumonia-vap,Clinical Pulmonary Infection Score (CPIS) for Ventilator-Associated Pneumonia (VAP),Ventilator-associated pneumonia,"Papazian et al., 1995",CPIS >6; histopathologic pneumonia reference,Diagnosis,Unclear,v1_raw,human-extracted,Moderate,Moderate,Count-based,Exact outcome is not separately encoded in every frozen row; verify against source.,38,13,3,5,17,22,0.5789473684,0.4736842105,0.2272727273,0.1012303999,0.4343995318,
90,92,mdcalc:10061,10061,Color Vision Screening (Ishihara Test),https://www.mdcalc.com/calc/10061/color-vision-screening-ishihara-test,Color Vision Screening (Ishihara Test),Red–green color-vision deficiency,"van Staden et al., 2018",Digital 38-plate Ishihara test: ≥9 errors,Diagnosis,Unclear,v1_raw,human-extracted,Low,Low,Count-based,Exact outcome is not separately encoded in every frozen row; verify against source.,120,3,0,0,117,117,0.975,0.025,0,0,0.03178924566,0.05
91,93,mdcalc:10169,10169,Columbia Suicide Severity Rating Scale (C-SSRS),https://www.mdcalc.com/calc/10169/columbia-suicide-severity-rating-scale-c-ssrs,Columbia Suicide Severity Rating Scale (C-SSRS),Depression/Suicidality,"Mundt et al., Prediction of Suicidal Behavior… by the Electronic C-SSRS. J Clin Psychiatry, 2013.",Any positive suicidal-ideation or behavior report,Diagnosis,Unclear,v1_raw,human-extracted,High,High,Count-based,Exact outcome is not separately encoded in every frozen row; verify against source.,3776,121,863,60,2732,2792,0.7394067797,0.04793432203,0.02148997135,0.01673220721,0.02756267168,0.05
92,94,mdcalc:1870,1870,Confusion Assessment Method for the ICU (CAM-ICU),https://www.mdcalc.com/calc/1870/confusion-assessment-method-icu-cam-icu,Confusion Assessment Method for the ICU (CAM-ICU),Delirium,"Ely et al., Delirium in mechanically ventilated patients: validity and reliability of the CAM-ICU. JAMA, 2001.",Features 1 + 2 + either 3 or 4 present,"Algorithm, Diagnosis, Rule Out",Unclear,v1_raw,human-extracted,Moderate,Moderate,Count-based,Exact outcome is not separately encoded in every frozen row; verify against source.,37,21,1,1,14,15,0.4054054054,0.5945945946,0.06666666667,0.01186689549,0.2981652987,
93,95,mdcalc:10161,10161,COPD Assessment Test (CAT),https://www.mdcalc.com/calc/10161/copd-assessment-test-cat,COPD Assessment Test (CAT),Chronic obstructive pulmonary disease,"Al Wachami et al., 2024",CAT ≥10 versus spirometry-confirmed COPD,Prognosis,Unclear,v1_raw,human-extracted,Moderate,Moderate,Count-based,Exact outcome is not separately encoded in every frozen row; verify against source.,477,25,27,7,418,425,0.8909853249,0.06708595388,0.01647058824,0.008000755983,0.03360310123,0.05
94,96,mdcalc:10172,10172,Cornell Assessment of Pediatric Delirium (CAPD),https://www.mdcalc.com/calc/10172/cornell-assessment-pediatric-delirium-capd,Cornell Assessment of Pediatric Delirium (CAPD),Postoperative pediatric delirium,"Hong et al., 2021",CAPD ≥9,Diagnosis,Unclear,v1_raw,human-extracted,Moderate,Moderate,Count-based,Exact outcome is not separately encoded in every frozen row; verify against source.,170,20,3,3,144,147,0.8647058824,0.1352941176,0.02040816327,0.006964513335,0.05827921274,0.1
95,97,mdcalc:10354,10354,COVID Home Safely Now (CHOSEN) Risk Score for COVID-19,https://www.mdcalc.com/calc/10354/covid-home-safely-now-chosen-risk-score-covid-19,COVID Home Safely Now (CHOSEN) Risk Score for COVID-19,"COVID-19 disease progression (invasive ventilation, ICU admission, or death)","Wolfisberg et al., 2022",CHOSEN ≤30,Prognosis,Unclear,v1_raw,human-extracted,Moderate,Moderate,Count-based,Exact outcome is not separately encoded in every frozen row; verify against source.,380,64,71,56,189,245,0.6447368421,0.3157894737,0.2285714286,0.1804206138,0.2851025324,
96,98,mdcalc:10303,10303,COVID-GRAM Critical Illness Risk Score,https://www.mdcalc.com/calc/10303/covid-gram-critical-illness-risk-score,COVID-GRAM Critical Illness Risk Score,Critical COVID-19 illness,"Armiñanzas et al., 2021",High risk: predicted risk ≥40.4%,Prognosis,Unclear,v1_raw,human-extracted,High,High,Count-based,Exact outcome is not separately encoded in every frozen row; verify against source.,523,59,63,51,350,401,0.7667304015,0.2103250478,0.1271820449,0.09807250434,0.163366774,0.2
97,99,mdcalc:10604,10604,CRB-65 Score for Pneumonia Severity,https://www.mdcalc.com/calc/10604/crb-65-score-for-pneumonia-severity-crb-65,CRB-65 Score for Pneumonia Severity,30-day mortality in community-acquired pneumonia,"Pflug et al., 2014",CRB-65 ≥1,Algorithm,Unclear,v1_raw,human-extracted,High,High,Count-based,Exact outcome is not separately encoded in every frozen row; verify against source.,553,56,410,3,84,87,0.157323689,0.1066907776,0.03448275862,0.01179582053,0.09654082387,0.1
98,100,mdcalc:2144,2144,Critical Care Pain Observation Tool (CPOT),https://www.mdcalc.com/calc/2144/critical-care-pain-observation-tool-cpot,Critical Care Pain Observation Tool (CPOT),"Anxiety, Delirium, Dementia","Gélinas et al., Sensitivity and specificity of the CPOT for detection of pain in intubated adults after cardiac surgery. 2009.",CPOT >2 (equivalent to ≥3),"Diagnosis, Treatment",Unclear,v1_raw,human-extracted,Moderate,Moderate,Count-based,Exact outcome is not separately encoded in every frozen row; verify against source.,97,68,4,11,14,25,0.2577319588,0.8144329897,0.44,0.2666563888,0.6293266813,
99,101,mdcalc:1784,1784,CRUSADE Score for Post-MI Bleeding Risk,https://www.mdcalc.com/calc/1784/crusade-score-post-mi-bleeding-risk,CRUSADE Score for Post-MI Bleeding Risk,In-hospital major bleeding during acute coronary syndrome,"Correia et al., 2015",CRUSADE >31,Prognosis,Unclear,v1_raw,human-extracted,Moderate,Moderate,Count-based,Exact outcome is not separately encoded in every frozen row; verify against source.,519,28,330,3,158,161,0.3102119461,0.05973025048,0.01863354037,0.006356993493,0.05334557703,0.1
100,102,mdcalc:10300,10300,CSHA Clinical Frailty Scale (CFS),https://www.mdcalc.com/calc/10300/csha-clinical-frailty-scale-cfs,CSHA Clinical Frailty Scale (CFS),Frailty in community-dwelling older adults,"Sukkriang & Punsawad, 2020",CFS ≥5,Prognosis,Unclear,v1_raw,human-extracted,Moderate,Moderate,Count-based,Exact outcome is not separately encoded in every frozen row; verify against source.,214,14,3,11,186,197,0.9205607477,0.1168224299,0.05583756345,0.03146151784,0.09720444074,0.1
101,103,mdcalc:324,324,CURB-65 Score for Pneumonia Severity,https://www.mdcalc.com/calc/324/curb-65-score-pneumonia-severity,CURB-65 Score for Pneumonia Severity,30-day mortality in community-acquired pneumonia,"Pflug et al., 2014",CURB-65 ≥2,Prognosis,Unclear,v1_raw,human-extracted,High,High,Count-based,Exact outcome is not separately encoded in every frozen row; verify against source.,553,50,292,9,202,211,0.3815551537,0.1066907776,0.04265402844,0.02260014097,0.07906300608,0.1
102,104,mdcalc:10428,10428,Current Opioid Misuse Measure (COMM),https://www.mdcalc.com/calc/10428/current-opioid-misuse-measure-comm,Current Opioid Misuse Measure (COMM),Current aberrant opioid-related behavior,"Butler et al., 2010",COMM ≥9,Prognosis,Unclear,v1_raw,human-extracted,Moderate,Moderate,Count-based,Exact outcome is not separately encoded in every frozen row; verify against source.,226,52,44,21,109,130,0.5752212389,0.3230088496,0.1615384615,0.1081511942,0.234354478,
103,105,mdcalc:10098,10098,Danger Assessment Tool for Domestic Abuse,https://www.mdcalc.com/calc/10098/danger-assessment-tool-domestic-abuse,Danger Assessment Tool for Domestic Abuse,Intimate partner femicide or attempted femicide,"Campbell et al., 2009",≥14 points (severe or extreme danger),Prognosis,Unclear,v1_raw,human-extracted,Moderate,Moderate,Count-based,Exact outcome is not separately encoded in every frozen row; verify against source.,499,123,47,33,296,329,0.6593186373,0.3126252505,0.1003039514,0.07231620439,0.1375178081,0.2
104,106,mdcalc:4018,4018,DECAF Score for Acute Exacerbation of COPD,https://www.mdcalc.com/calc/4018/decaf-score-acute-exacerbation-copd,DECAF Score for Acute Exacerbation of COPD,In-hospital mortality in acute exacerbation of COPD,"Echevarria et al., 2016",≥3 points,Prognosis,Unclear,v1_raw,human-extracted,High,High,Count-based,Exact outcome is not separately encoded in every frozen row; verify against source.,1725,97,356,35,1237,1272,0.7373913043,0.07652173913,0.02751572327,0.01985032764,0.03802634529,0.05
105,107,mdcalc:10592,10592,Dehydration: Assessing Kids Accurately (DHAKA) Score,https://www.mdcalc.com/calc/10592/dehydration-assessing-kids-accurately-dhaka-score,Dehydration: Assessing Kids Accurately (DHAKA) Score,Severe dehydration in children with acute diarrhea,"Levine et al., 2016",≥4 points,Prognosis,Unclear,v1_raw,human-extracted,High,High,Count-based,Exact outcome is not separately encoded in every frozen row; verify against source.,496,60,196,10,230,240,0.4838709677,0.1411290323,0.04166666667,0.02278742271,0.0749870039,0.1
106,108,mdcalc:10046,10046,Denver HIV Risk Score,https://www.mdcalc.com/calc/10046/denver-hiv-risk-score,Denver HIV Risk Score,Newly diagnosed HIV infection,"Haukoos et al., 2015",≥30 points,"Diagnosis, Prognosis",Unclear,v1_raw,human-extracted,High,High,Count-based,Exact outcome is not separately encoded in every frozen row; verify against source.,4830941,27056,3058784,3024,1742077,1745101,0.3612341778,0.006226530194,0.001732850993,0.00167223009,0.001795665543,0.005
107,109,mdcalc:10526,10526,Drug Abuse Screening Test-10 (DAST-10),https://www.mdcalc.com/calc/10526/drug-abuse-screening-test-10-dast-10,Drug Abuse Screening Test-10 (DAST-10),Drug use disorder,"Evren et al., 2013",≥4 points,Prognosis,Unclear,v1_raw,human-extracted,Moderate,Moderate,Count-based,Exact outcome is not separately encoded in every frozen row; verify against source.,258,219,3,4,32,36,0.1395348837,0.8643410853,0.1111111111,0.044066403,0.2531480859,
108,110,mdcalc:4050,4050,Drug Resistance in Pneumonia (DRIP) Score,https://www.mdcalc.com/calc/4050/drug-resistance-pneumonia-drip-score,Drug Resistance in Pneumonia (DRIP) Score,Community-acquired pneumonia caused by a drug-resistant pathogen,"Fadrian et al., 2021",≥4 points,Diagnosis,Unclear,v1_raw,human-extracted,Moderate,Moderate,Count-based,Exact outcome is not separately encoded in every frozen row; verify against source.,254,73,11,30,140,170,0.6692913386,0.405511811,0.1764705882,0.1265013893,0.240738159,
109,111,mdcalc:1731,1731,Duke Criteria for Infective Endocarditis,https://www.mdcalc.com/calc/1731/duke-criteria-infective-endocarditis,Duke Criteria for Infective Endocarditis,Infective endocarditis,"van der Vaart et al., 2024",Definite IE = positive; possible/rejected IE = negative,Diagnosis,Unclear,v1_raw,human-extracted,High,High,Count-based,Exact outcome is not separately encoded in every frozen row; verify against source.,595,299,10,100,186,286,0.4806722689,0.6705882353,0.3496503497,0.2967086574,0.4065774068,
110,112,mdcalc:3818,3818,Dutch Criteria for Familial Hypercholesterolemia (FH),https://www.mdcalc.com/calc/3818/dutch-criteria-familial-hypercholesterolemia-fh,Dutch Criteria for Familial Hypercholesterolemia (FH),Genetically confirmed familial hypercholesterolemia,"Performance of LDL-C Only Compared With the Dutch Lipid Clinic Network Score, 2025","DLCN score ≥6; calculated before genetic results, with a pathogenic FH variant as the reference standard",Diagnosis,Unclear,v1_raw,human-extracted,Moderate,Moderate,Count-based,Exact outcome is not separately encoded in every frozen row; verify against source.,426,50,53,43,280,323,0.7582159624,0.2183098592,0.133126935,0.1003583055,0.1745194873,0.2
111,113,mdcalc:10553,10553,Dutch-English LEMS Tumor Association Prediction (DELTA-P) Score,https://www.mdcalc.com/calc/10553/dutch-english-lems-tumor-association-prediction-delta-p-score,Dutch-English LEMS Tumor Association Prediction (DELTA-P) Score,Small-cell lung cancer in Lambert-Eaton myasthenic syndrome,"Maddison et al., 2020",DELTA-P ≥3 (high tumor risk),Prognosis,Unclear,v1_raw,human-extracted,High,High,Count-based,Exact outcome is not separately encoded in every frozen row; verify against source.,87,32,11,12,32,44,0.5057471264,0.5057471264,0.2727272727,0.1634638162,0.4184887309,
112,114,mdcalc:10171,10171,ED-SAFE Patient Safety Screener 3 (PSS-3),https://www.mdcalc.com/calc/10171/patient-safety-screener-3-pss-3,ED-SAFE Patient Safety Screener 3 (PSS-3),Suicide risk,"Boudreaux et al., 2015",Positive active suicidal ideation and/or lifetime suicide attempt; BSSI reference standard,Diagnosis,Unclear,v1_raw,human-extracted,High,High,Count-based,Exact outcome is not separately encoded in every frozen row; verify against source.,492,76,6,0,410,410,0.8333333333,0.1544715447,0,0,0.009282440748,0.01
113,115,mdcalc:10466,10466,Edinburgh Postnatal Depression Scale,https://www.mdcalc.com/calc/10466/edinburgh-postnatal-depression-scale-epds,Edinburgh Postnatal Depression Scale (EPDS),Major or minor postnatal depression,"Cox et al., 1987",EPDS ≥13 (12/13 cutoff); Research Diagnostic Criteria interview reference,Prognosis,Unclear,v1_raw,human-extracted,High,High,Count-based,Exact outcome is not separately encoded in every frozen row; verify against source.,84,30,11,5,38,43,0.5119047619,0.4166666667,0.1162790698,0.0507042774,0.2447916181,
114,116,mdcalc:3948,3948,EGSYS Syncope Score,https://www.mdcalc.com/calc/3948/egsys-evaluation-guidelines-syncope-study-score-syncope,EGSYS (Evaluation of Guidelines in SYncope Study) Score for Syncope,"Acute Coronary Syndrome, Atrial Fibrillation, Stroke / Transient Ischemic Attack (TIA)","Del Rosso et al., Clinical predictors of cardiac syncope at initial evaluation: the EGSYS score. Heart, 2008.",EGSYS >3,"Diagnosis, Prognosis",Unclear,v1_raw,human-extracted,Moderate,Moderate,Count-based,Exact outcome is not separately encoded in every frozen row; verify against source.,256,24,71,2,159,161,0.62890625,0.1015625,0.01242236025,0.003413296097,0.04415640437,0.05
115,117,mdcalc:10149,10149,El-Ganzouri Risk Index,https://www.mdcalc.com/calc/10149/el-ganzouri-risk-index-egri-difficult-airway,El-Ganzouri Risk Index (EGRI) for Difficult Airway,Difficult laryngoscopy (Cormack–Lehane III–IV),"Corrente et al., 2020",EGRI ≥4,Prognosis,Unclear,v1_raw,human-extracted,Moderate,Moderate,Count-based,Exact outcome is not separately encoded in every frozen row; verify against source.,240,23,35,25,157,182,0.7583333333,0.2,0.1373626374,0.09480323896,0.1949139165,0.2
116,118,mdcalc:1858,1858,EDACS,https://www.mdcalc.com/calc/1858/emergency-department-assessment-chest-pain-score-edacs,Emergency Department Assessment of Chest Pain Score (EDACS),30-day major adverse cardiac events (MACE),"Stopyra et al., 2015","High risk: EDACS ≥16, ischemic ECG, or positive serial troponin; low risk requires EDACS <16, nonischemic ECG, and negative 0- and 2-hour troponins",Rule Out,Unclear,v1_raw,human-extracted,High,High,Count-based,Exact outcome is not separately encoded in every frozen row; verify against source.,282,15,79,2,186,188,0.6666666667,0.06028368794,0.01063829787,0.002922269566,0.03795241346,0.05
117,119,mdcalc:1755,1755,Emergency Heart Failure Mortality Risk Grade (EHMRG),https://www.mdcalc.com/calc/1755/emergency-heart-failure-mortality-risk-grade-ehmrg,Emergency Heart Failure Mortality Risk Grade (EHMRG),Seven-day all-cause mortality in acute heart failure,"Sepehrvand et al., 2019",EHMRG ≥18.0 (risk category 4 or higher),Prognosis,Unclear,v1_raw,human-extracted,High,High,Count-based,Exact outcome is not separately encoded in every frozen row; verify against source.,6708,323,4354,24,2007,2031,0.3027728086,0.05172927847,0.011816839,0.007953675851,0.01752322732,0.02
118,120,mdcalc:10612,10612,Eosinophilic Esophagitis Endoscopic Reference Score (EREFS),https://www.mdcalc.com/calc/10612/eosinophilic-esophagitis-endoscopic-reference-score-erefs,Eosinophilic Esophagitis Endoscopic Reference Score (EREFS),Biopsy-confirmed eosinophilic esophagitis,"Park et al., 2024",EREFS ≥2,Diagnosis,Unclear,v1_raw,human-extracted,Moderate,Moderate,Count-based,Exact outcome is not separately encoded in every frozen row; verify against source.,204,81,14,21,88,109,0.5343137255,0.5,0.1926605505,0.1296073344,0.2766392641,
119,121,mdcalc:10015,10015,EPIPHANY Index for Pulmonary Embolism (PE) in Cancer,https://www.mdcalc.com/calc/10015/epiphany-index-pulmonary-embolism-pe-cancer,EPIPHANY Index for Pulmonary Embolism (PE) in Cancer,Serious complication within 15 days of cancer-associated PE,"Sánchez-Cánovas et al., 2023",High-risk EPIPHANY classification versus low/intermediate risk,Prognosis,Unclear,v1_raw,human-extracted,High,High,Count-based,Exact outcome is not separately encoded in every frozen row; verify against source.,900,90,349,17,444,461,0.5122222222,0.1188888889,0.03687635575,0.02314922013,0.05825801691,0.1
120,122,mdcalc:10179,10179,European System for Cardiac Operative Risk Evaluation (EuroSCORE) II,https://www.mdcalc.com/calc/10179/european-system-cardiac-operative-risk-evaluation-euroscore-ii,European System for Cardiac Operative Risk Evaluation (EuroSCORE) II,Operative mortality following cardiac surgery,"Ranjan et al., 2019",EuroSCORE II predicted mortality ≥10%,Prognosis,Unclear,v1_raw,human-extracted,Moderate,Moderate,Count-based,Exact outcome is not separately encoded in every frozen row; verify against source.,865,19,72,13,761,774,0.8947976879,0.03699421965,0.01679586563,0.00984146324,0.02852298556,0.05
121,123,mdcalc:3906,3906,EUTOS Score,https://www.mdcalc.com/calc/3906/eutos-score-chronic-myelogenous-leukemia-cml,EUTOS Score for Chronic Myelogenous Leukemia (CML),Failure to achieve complete cytogenetic response at 6 months,"Delgado et al., 2021",EUTOS >87 (high risk),Prognosis,Unclear,v1_raw,human-extracted,Moderate,Moderate,Count-based,Exact outcome is not separately encoded in every frozen row; verify against source.,133,22,20,25,66,91,0.6842105263,0.3533834586,0.2747252747,0.1935517833,0.3741478229,
122,124,mdcalc:10175,10175,EVendo Score for Esophageal Varices,https://www.mdcalc.com/calc/10175/evendo-score-esophageal-varices,EVendo Score for Esophageal Varices,Gastroesophageal varices needing treatment,"Alswat et al., 2022",EVendo >3.90 predicts VNT; ≤3.90 rules out VNT,Diagnosis,Unclear,v1_raw,human-extracted,Moderate,Moderate,Count-based,Exact outcome is not separately encoded in every frozen row; verify against source.,103,10,60,2,31,33,0.3203883495,0.1165048544,0.06060606061,0.01678088309,0.1960624481,0.2
123,125,mdcalc:10629,10629,FACE DROPS,https://www.mdcalc.com/calc/10629/face-drops,FACE DROPS,Lyme disease–associated facial palsy,"McEntire et al., 2025",FACE DROPS ≥5 predicts Lyme disease–associated facial palsy,Prognosis,Unclear,v1_raw,human-extracted,Moderate,Moderate,Count-based,Exact outcome is not separately encoded in every frozen row; verify against source.,285,62,5,14,204,218,0.7649122807,0.2666666667,0.06422018349,0.0386365235,0.1048959748,0.2
124,126,mdcalc:10001,10001,Fatty Liver Index,https://www.mdcalc.com/calc/10001/fatty-liver-index,Fatty Liver Index,Nonalcoholic fatty liver disease,"Niknejad et al., 2024",FLI ≥40.6,"Diagnosis, Prognosis",Unclear,v1_raw,human-extracted,High,High,Count-based,Exact outcome is not separately encoded in every frozen row; verify against source.,367,142,57,52,116,168,0.4577656676,0.5286103542,0.3095238095,0.2445305297,0.3830331535,
125,127,mdcalc:4024,4024,Fetal Biophysical Profile (BPP) Score,https://www.mdcalc.com/calc/4024/fetal-biophysical-profile-bpp-score,Fetal Biophysical Profile (BPP) Score,Antepartum fetal acidemia,"Manning et al., 1993",BPP ≤6 predicting umbilical venous pH <7.25,Prognosis,Unclear,v1_raw,human-extracted,High,High,Count-based,Exact outcome is not separately encoded in every frozen row; verify against source.,493,36,52,0,405,405,0.8215010142,0.07302231237,0,8.67361738e-19,0.009395962023,0.01
126,128,mdcalc:3316,3316,FeverPAIN Score for Strep Pharyngitis,https://www.mdcalc.com/calc/3316/feverpain-score-strep-pharyngitis,FeverPAIN Score for Strep Pharyngitis,"Group A, C, or G streptococcal pharyngitis","Seeley et al., 2021",FeverPAIN ≥4,"Diagnosis, Rule Out, Treatment",Unclear,v1_raw,human-extracted,High,High,Count-based,Exact outcome is not separately encoded in every frozen row; verify against source.,502,3,8,78,413,491,0.9780876494,0.1613545817,0.1588594705,0.1291916365,0.1938238586,0.2
127,129,mdcalc:2200,2200,FIB-4 Index,https://www.mdcalc.com/calc/2200/fibrosis-4-fib-4-index-liver-fibrosis,Fibrosis-4 (FIB-4) Index for Liver Fibrosis,Significant liver fibrosis in chronic hepatitis B (METAVIR F2–F4),"Koksal et al., 2017",FIB-4 >3.25,Diagnosis,Unclear,v1_raw,human-extracted,High,High,Count-based,Exact outcome is not separately encoded in every frozen row; verify against source.,201,12,0,61,128,189,0.9402985075,0.3631840796,0.3227513228,0.2602011357,0.3923632018,
128,130,mdcalc:10508,10508,Fibrotic NASH Index (FNI),https://www.mdcalc.com/calc/10508/fibrotic-nash-index-fni,Fibrotic NASH Index (FNI),Biopsy-confirmed fibrotic NASH (NAS ≥4 and fibrosis ≥F2),"Tavaglione et al., 2023",FNI ≥0.33,Rule Out,Unclear,v1_raw,human-extracted,Moderate,Moderate,Count-based,Exact outcome is not separately encoded in every frozen row; verify against source.,264,28,21,26,189,215,0.8143939394,0.2045454545,0.1209302326,0.08387692208,0.1712916329,0.2
129,131,mdcalc:10633,10633,Field Assessment Stroke Triage for Emergency Destination (FAST-ED),https://www.mdcalc.com/calc/10633/field-assessment-stroke-triage-emergency-destination-fast-ed,Field Assessment Stroke Triage for Emergency Destination (FAST-ED),Large-vessel occlusion stroke,"Carbonera et al., 2022",FAST-ED ≥4,Prognosis,Unclear,v1_raw,human-extracted,Moderate,Moderate,Count-based,Exact outcome is not separately encoded in every frozen row; verify against source.,74,24,23,6,21,27,0.3648648649,0.4054054054,0.2222222222,0.1060723945,0.4075692887,
130,132,mdcalc:4000,4000,FINDRISC (Finnish Diabetes Risk Score),https://www.mdcalc.com/calc/4000/findrisc-finnish-diabetes-risk-score,FINDRISC (Finnish Diabetes Risk Score),Undiagnosed type 2 diabetes mellitus,"Abdallah et al., 2020",FINDRISC ≥12,Prognosis,Unclear,v1_raw,human-extracted,High,High,Count-based,Exact outcome is not separately encoded in every frozen row; verify against source.,397,25,142,5,225,230,0.5793450882,0.07556675063,0.02173913043,0.009320557478,0.04987107984,0.05
131,133,mdcalc:4037,4037,FAST,https://www.mdcalc.com/calc/4037/focused-assessment-sonography-trauma-fast,Focused Assessment with Sonography for Trauma (FAST),Trauma,"Dammers D, El Moumni M, Hoogland II, Veeger N, ter Avest E. “Should we perform a FAST exam in haemodynamically stable patients presenting after blunt abdominal injury: a retrospective cohort study.” Scand J Trauma Resusc Emerg Med. 2017;25:1. doi:10.1186/s13049-016-0342-0",Positive FAST,Diagnosis,Cohort/consecutive,v1_raw,human-extracted,Moderate,Moderate,Count-based,Exact outcome is not separately encoded in every frozen row; verify against source.,421,12,2,6,401,407,0.9667458432,0.04275534442,0.01474201474,0.006773451093,0.03178511811,0.05
132,134,mdcalc:10028,10028,FOUR (Full Outline of UnResponsiveness) Score,https://www.mdcalc.com/calc/10028/four-full-outline-unresponsiveness-score,FOUR (Full Outline of UnResponsiveness) Score,7-day survival among ICU patients with decreased consciousness,"Silvitasari et al., 2017",FOUR ≥6 predicting 7-day survival,Prognosis,Unclear,v1_raw,human-extracted,Moderate,Moderate,Count-based,Exact outcome is not separately encoded in every frozen row; verify against source.,74,31,7,5,31,36,0.4864864865,0.4864864865,0.1388888889,0.06081815009,0.2865953039,
133,135,mdcalc:62,62,Fractional Excretion of Urea (FEUrea),https://www.mdcalc.com/calc/62/fractional-excretion-urea-feurea,Fractional Excretion of Urea (FEUrea),Prerenal azotemia versus acute tubular necrosis in acute renal failure,"Carvounis et al., 2002",FEUrea ≤35% indicates prerenal azotemia,"Diagnosis, Formula",Unclear,v1_raw,human-extracted,High,High,Count-based,Exact outcome is not separately encoded in every frozen row; verify against source.,102,69,1,8,24,32,0.3137254902,0.7549019608,0.25,0.1325240092,0.4210655899,
134,136,mdcalc:3800,3800,Framingham Heart Failure Diagnostic Criteria,https://www.mdcalc.com/calc/3800/framingham-heart-failure-diagnostic-criteria,Framingham Heart Failure Diagnostic Criteria,Systolic or diastolic heart failure,"Maestre et al., 2009",≥2 major criteria or 1 major plus ≥2 minor criteria,Diagnosis,Unclear,v1_raw,human-extracted,High,High,Count-based,Exact outcome is not separately encoded in every frozen row; verify against source.,216,151,11,13,41,54,0.25,0.7592592593,0.2407407407,0.146442915,0.3694752418,
135,137,mdcalc:10426,10426,G8 Geriatric Screening Tool,https://www.mdcalc.com/calc/10426/g8-geriatric-screening-tool,G8 Geriatric Screening Tool,Geriatric vulnerability defined by impaired multidimensional geriatric assessment in older adults with cancer,"Soubeyran et al., 2014—ONCODAGE",G8 ≤14,Diagnosis,Unclear,v1_raw,human-extracted,High,High,Count-based,Exact outcome is not separately encoded in every frozen row; verify against source.,1435,880,101,271,183,454,0.3163763066,0.8020905923,0.5969162996,0.5511649039,0.6410413682,
136,138,mdcalc:1727,1727,GAD-7,https://www.mdcalc.com/calc/1727/gad7-general-anxiety-disorder7,GAD-7 (General Anxiety Disorder-7),"Anxiety, Depression/Suicidality","Spitzer et al., A brief measure for assessing generalized anxiety disorder: the GAD-7. Arch Intern Med, 2006.",GAD-7 ≥10,Diagnosis,Unclear,v1_raw,human-extracted,High,High,Count-based,Exact outcome is not separately encoded in every frozen row; verify against source.,965,65,161,8,731,739,0.7658031088,0.07564766839,0.01082543978,0.005495412635,0.02121480741,0.05
137,139,mdcalc:3647,3647,Gail Model for Breast Cancer Risk,https://www.mdcalc.com/calc/3647/gail-model-breast-cancer-risk,Gail Model for Breast Cancer Risk,Invasive breast cancer within 5 years,"Buron et al., 2013",Five-year Gail risk ≥1.67%,Prognosis,Unclear,v1_raw,human-extracted,High,High,Count-based,Exact outcome is not separately encoded in every frozen row; verify against source.,1662,24,449,28,1161,1189,0.7154031288,0.03128760529,0.02354920101,0.01634247464,0.0338246774,0.05
138,140,mdcalc:10094,10094,GALAD Model,https://www.mdcalc.com/calc/10094/galad-model-hepatocellular-carcinoma-hcc,GALAD Model for Hepatocellular Carcinoma (HCC),Hepatocellular carcinoma in patients with nonalcoholic steatohepatitis,"Best et al., 2020",GALAD ≥−0.63,"Formula, Diagnosis",Unclear,v1_raw,human-extracted,High,High,Count-based,Exact outcome is not separately encoded in every frozen row; verify against source.,356,108,11,17,220,237,0.6657303371,0.3511235955,0.07172995781,0.04526378948,0.111858074,0.2
139,141,mdcalc:10140,10140,GCS-Pupils Score,https://www.mdcalc.com/calc/10140/gcs-pupils-score,GCS-Pupils Score,In-hospital mortality after severe traumatic brain injury,"Barea-Mendoza et al., 2023",GCS-P ≤2,Prognosis,Unclear,v1_raw,human-extracted,Moderate,Moderate,Count-based,Exact outcome is not separately encoded in every frozen row; verify against source.,1551,297,92,295,867,1162,0.7491940683,0.3816892328,0.2538726334,0.2296875702,0.2796796807,
140,142,mdcalc:10073,10073,Geneva VTE Prophylaxis Risk Score,https://www.mdcalc.com/calc/10073/geneva-risk-score-venous-thromboembolism-vte-prophylaxis,Geneva Risk Score for VTE Prophylaxis,Symptomatic venous thromboembolism within 90 days,"Häfliger et al., 2024",Original Geneva score ≥3,"Prognosis, Treatment",Unclear,v1_raw,human-extracted,High,High,Count-based,Exact outcome is not separately encoded in every frozen row; verify against source.,1352,23,870,5,454,459,0.3394970414,0.02071005917,0.01089324619,0.004661670286,0.02524372941,0.05
141,143,mdcalc:1750,1750,Geneva Score (Revised) for Pulmonary Embolism,https://www.mdcalc.com/calc/1750/geneva-score-revised-pulmonary-embolism,Geneva Score (Revised) for Pulmonary Embolism,Pulmonary embolism,"Abolfotouh et al., 2020",Revised Geneva score ≥5,"Diagnosis, Rule Out",Unclear,v1_raw,human-extracted,High,High,Count-based,Exact outcome is not separately encoded in every frozen row; verify against source.,2010,332,642,0,1036,1036,0.5154228856,0.1651741294,0,0,0.003694273572,0.005
142,144,mdcalc:10566,10566,Geriatric Depression Scale (GDS-15),https://www.mdcalc.com/calc/10566/geriatric-depression-scale-gds-15,Geriatric Depression Scale (GDS-15),DSM-IV depressive disorder in patients with Parkinson disease,"Weintraub et al., 2006",GDS-15 ≥5,Prognosis,Unclear,v1_raw,human-extracted,Moderate,Moderate,Count-based,Exact outcome is not separately encoded in every frozen row; verify against source.,148,28,18,4,98,102,0.6891891892,0.2162162162,0.03921568627,0.01535407153,0.09652513868,0.1
143,145,mdcalc:680,680,Glasgow Alcoholic Hepatitis Score,https://www.mdcalc.com/calc/680/glasgow-alcoholic-hepatitis-score,Glasgow Alcoholic Hepatitis Score,28-day mortality in alcoholic hepatitis,"Minz et al., 2018",GAHS >9,Prognosis,Unclear,v1_raw,human-extracted,High,High,Count-based,Exact outcome is not separately encoded in every frozen row; verify against source.,76,30,8,6,32,38,0.5,0.4736842105,0.1578947368,0.07443863415,0.3041681178,
144,146,mdcalc:64,64,Glasgow Coma Scale (GCS),https://www.mdcalc.com/calc/64/glasgow-coma-scale-score-gcs,Glasgow Coma Scale (GCS),In-hospital mortality after severe traumatic brain injury,"Barea-Mendoza et al., 2023",GCS ≤4,Diagnosis,Unclear,v1_raw,human-extracted,High,High,Count-based,Exact outcome is not separately encoded in every frozen row; verify against source.,1551,423,365,169,594,763,0.4919406834,0.3816892328,0.2214941022,0.1934656455,0.2523128852,
145,147,mdcalc:518,518,Glasgow-Blatchford Bleeding Score (GBS),https://www.mdcalc.com/calc/518/glasgow-blatchford-bleeding-score-gbs,Glasgow-Blatchford Bleeding Score (GBS),Hospital-based intervention or death within 30 days after upper GI bleeding,"Stanley et al., 2017",GBS >1 (low risk defined as ≤1),"Prognosis, Treatment",Unclear,v1_raw,human-extracted,High,High,Count-based,Exact outcome is not separately encoded in every frozen row; verify against source.,2932,1338,1030,19,545,564,0.1923601637,0.4628240109,0.03368794326,0.02167107688,0.05201403041,0.1
146,148,mdcalc:3287,3287,Glasgow-Imrie Criteria for Severity of Acute Pancreatitis,https://www.mdcalc.com/calc/3287/glasgow-imrie-criteria-severity-acute-pancreatitis,Glasgow-Imrie Criteria for Severity of Acute Pancreatitis,"Poor acute-pancreatitis outcome requiring ventilation, intervention, or resulting in death","Mohsin, 2013",Glasgow-Imrie score >3,"Algorithm, Prognosis",Unclear,v1_raw,human-extracted,Moderate,Moderate,Count-based,Exact outcome is not separately encoded in every frozen row; verify against source.,156,15,28,2,111,113,0.7243589744,0.108974359,0.01769911504,0.00486723182,0.06224472399,0.1
147,149,mdcalc:10033,10033,GO-FAR (Good Outcome Following Attempted Resuscitation) Score,https://www.mdcalc.com/calc/10033/go-far-good-outcome-following-attempted-resuscitation-score,GO-FAR (Good Outcome Following Attempted Resuscitation) Score,Adverse neurological outcome after in-hospital cardiac arrest,"Alamuti et al., 2024—five-year, three-center external validation",GO-FAR >5.5 (integer score ≥6 predicts adverse outcome),Prognosis,Unclear,v1_raw,human-extracted,High,High,Count-based,Exact outcome is not separately encoded in every frozen row; verify against source.,1100,1027,6,31,36,67,0.06090909091,0.9618181818,0.4626865672,0.3485844372,0.580835424,
148,150,mdcalc:1099,1099,GRACE ACS Risk and Mortality Calculator,https://www.mdcalc.com/calc/1099/grace-acs-risk-mortality-calculator,GRACE ACS Risk and Mortality Calculator,Six-month post-discharge mortality following acute coronary syndrome,"Neves et al., 2022—prospective external validation",GRACE score >119.5 (integer score ≥120),Prognosis,Unclear,v1_raw,human-extracted,High,High,Count-based,Exact outcome is not separately encoded in every frozen row; verify against source.,158,8,27,3,120,123,0.7784810127,0.06962025316,0.0243902439,0.008329064364,0.06925959562,0.1
149,151,mdcalc:3829,3829,GWTG-Heart Failure Risk Score,https://www.mdcalc.com/calc/3829/gwtg-heart-failure-risk-score,GWTG-Heart Failure Risk Score,In-hospital mortality in acute symptomatic heart failure,"İlhan et al., 2024—external validation in acute symptomatic heart failure",GWTG-HF ≥42,Prognosis,Unclear,v1_raw,human-extracted,High,High,Count-based,Exact outcome is not separately encoded in every frozen row; verify against source.,368,25,114,3,226,229,0.6222826087,0.07608695652,0.01310043668,0.00446515152,0.03780162893,0.05
150,152,mdcalc:10105,10105,H2FPEF Score for Heart Failure with Preserved Ejection Fraction,https://www.mdcalc.com/calc/10105/h2fpef-score-for-heart-failure-with-preserved-ejection-fraction,H₂FPEF Score for Heart Failure with Preserved Ejection Fraction,Invasively confirmed HFpEF in symptomatic patients with atrial fibrillation,"Ariyaratnam et al., 2024—invasive hemodynamic validation",H₂FPEF ≥6,Diagnosis,Unclear,v1_raw,human-extracted,Moderate,Moderate,Count-based,Exact outcome is not separately encoded in every frozen row; verify against source.,120,61,11,27,21,48,0.4,0.7333333333,0.5625,0.4227501742,0.6929873096,
151,153,mdcalc:10460,10460,HACOR Score,https://www.mdcalc.com/calc/10460/hacor-score,HACOR Score,Noninvasive ventilation failure in hypoxemic respiratory failure,"Duan et al., 2017—prospective validation cohort",HACOR >5 at 1 hour after NIV initiation,Prognosis,Cohort/consecutive,v1_raw,human-extracted,High,High,Count-based,Exact outcome is not separately encoded in every frozen row; verify against source.,358,107,16,34,201,235,0.656424581,0.3938547486,0.1446808511,0.1054180162,0.1953733923,0.2
152,154,mdcalc:3286,3286,Harmless Acute Pancreatitis Score,https://www.mdcalc.com/calc/3286/harmless-acute-pancreatitis-score-haps,Harmless Acute Pancreatitis Score (HAPS),Nonsevere acute pancreatitis,"Oskarsson et al., 2011",HAPS = 0 predicts a nonsevere course,Prognosis,Unclear,v1_raw,human-extracted,High,High,Count-based,Exact outcome is not separately encoded in every frozen row; verify against source.,353,78,1,248,26,274,0.776203966,0.9235127479,0.9051094891,0.8645964781,0.9344203458,
153,155,mdcalc:2030,2030,HAT (Hemorrhage After Thrombolysis) Score for Predicting Post-tPA Hemorrhage,https://www.mdcalc.com/calc/2030/hat-hemorrhage-thrombolysis-score-predicting-post-tpa-hemorrhage,HAT (Hemorrhage After Thrombolysis) Score for Predicting Post-tPA Hemorrhage,Symptomatic intracranial hemorrhage after IV tPA,"Tsivgoulis et al., 2011",HAT ≥3,Prognosis,Unclear,v1_raw,human-extracted,Moderate,Moderate,Count-based,Exact outcome is not separately encoded in every frozen row; verify against source.,161,2,12,7,140,147,0.9130434783,0.05590062112,0.04761904762,0.02325541743,0.09502412561,0.1
154,156,mdcalc:10463,10463,HEADS-ED,https://www.mdcalc.com/calc/10463/heads-ed,HEADS-ED,Need for inpatient psychiatric admission,"Cappelli et al., 2012",Total HEADS-ED ≥8 and/or suicidality score = 2,Prognosis,Unclear,v1_raw,human-extracted,Moderate,Moderate,Count-based,Exact outcome is not separately encoded in every frozen row; verify against source.,313,9,39,2,263,265,0.8466453674,0.03514376997,0.007547169811,0.002072152036,0.02709544308,0.05
155,157,mdcalc:3975,3975,HEART Pathway,https://www.mdcalc.com/calc/3975/heart-pathway-early-discharge-acute-chest-pain,HEART Pathway for Early Discharge in Acute Chest Pain,Death or myocardial infarction within 30 days,"Mahler et al., 2018","Non-low-risk: HEAR ≥4, known CAD, ischemic ECG changes, or elevated troponin at 0 or 3 hours","Diagnosis, Prognosis",Unclear,v1_raw,human-extracted,High,High,Count-based,Exact outcome is not separately encoded in every frozen row; verify against source.,3992,342,2189,6,1455,1461,0.3659819639,0.0871743487,0.004106776181,0.001883490343,0.00893096246,0.01
156,158,mdcalc:1752,1752,HEART Score for Major Cardiac Events,https://www.mdcalc.com/calc/1752/heart-score-major-cardiac-events,HEART Score for Major Cardiac Events,Major adverse cardiac event within 6 weeks,"Backus et al., 2013",HEART score ≥4,"Diagnosis, Rule Out",Unclear,v1_raw,human-extracted,High,High,Count-based,Exact outcome is not separately encoded in every frozen row; verify against source.,2440,418,1152,15,855,870,0.356557377,0.1774590164,0.01724137931,0.0104759147,0.02825131491,0.05
157,159,mdcalc:1785,1785,HEMORR2HAGES Score,https://www.mdcalc.com/calc/1785/hemorr2hages-score-major-bleeding-risk,HEMORR₂HAGES Score for Major Bleeding Risk,Major bleeding during anticoagulation,"Apostolakis et al., 2013",HEMORR₂HAGES ≥4,"Prognosis, Treatment",Unclear,v1_raw,human-extracted,Moderate,Moderate,Count-based,Exact outcome is not separately encoded in every frozen row; verify against source.,2240,0,5,72,2163,2235,0.9977678571,0.03214285714,0.0322147651,0.0256595196,0.04037528525,0.05
158,160,mdcalc:4005,4005,HERDOO2 Rule for Discontinuing Anticoagulation in Unprovoked VTE,https://www.mdcalc.com/calc/4005/herdoo2-rule-discontinuing-anticoagulation-unprovoked-vte,HERDOO2 Rule for Discontinuing Anticoagulation in Unprovoked VTE,Recurrent VTE after discontinuing anticoagulation,"Rodger et al., 2017",High risk: HERDOO2 ≥2 in women or any man; low risk: HERDOO2 0–1 in women,Prognosis,Unclear,v1_raw,human-extracted,Moderate,Moderate,Count-based,Exact outcome is not separately encoded in every frozen row; verify against source.,914,25,298,17,574,591,0.6466083151,0.04595185996,0.02876480541,0.01803560077,0.04558044054,0.05
159,161,mdcalc:3918,3918,Hestia Criteria for Outpatient Pulmonary Embolism Treatment,https://www.mdcalc.com/calc/3918/hestia-criteria-outpatient-pulmonary-embolism-treatment,Hestia Criteria for Outpatient Pulmonary Embolism Treatment,All-cause mortality within 30 days of acute PE,"Weeda et al., 2017",Positive/high risk: ≥1 Hestia criterion; low risk: no Hestia criteria,"Prognosis, Treatment",Unclear,v1_raw,human-extracted,High,High,Count-based,Exact outcome is not separately encoded in every frozen row; verify against source.,577,35,393,0,149,149,0.2582322357,0.06065857886,0,0,0.02513361787,0.05
160,162,mdcalc:10642,10642,HFA-ICOS Baseline Cardio-Oncology Risk Assessment for Anthracycline Chemotherapy,https://www.mdcalc.com/calc/10642/hfa-icos-baseline-cardio-oncology-risk-assessment-anthracycline-chemotherapy,HFA-ICOS Baseline Cardio-Oncology Risk Assessment for Anthracycline Chemotherapy,Anthracycline-related cancer therapy-related cardiac dysfunction (CTRCD),"Nguyen et al., 2025",HFA-ICOS score ≥2 (moderate/high risk),Prognosis,Unclear,v1_raw,human-extracted,High,High,Count-based,Exact outcome is not separately encoded in every frozen row; verify against source.,333,17,118,7,191,198,0.5945945946,0.07207207207,0.03535353535,0.01722886749,0.07116456231,0.1
161,163,mdcalc:10643,10643,HFA-ICOS Baseline Cardio-Oncology Risk Assessment for HER2-Targeted Therapies,https://www.mdcalc.com/calc/10643/hfa-icos-baseline-cardio-oncology-risk-assessment-her2-targeted-therapies,HFA-ICOS Baseline Cardio-Oncology Risk Assessment for HER2-Targeted Therapies,HER2 therapy-related cardiotoxicity,"Cronin et al., 2023",Very-high-risk category,Prognosis,Unclear,v1_raw,human-extracted,High,High,Count-based,Exact outcome is not separately encoded in every frozen row; verify against source.,507,6,10,17,474,491,0.9684418146,0.04536489152,0.03462321792,0.02172757775,0.05474430663,0.1
162,164,mdcalc:10646,10646,HFA-ICOS CML Cardio-Oncology Risk,https://www.mdcalc.com/calc/10646/hfa-icos-baseline-cardio-oncology-risk-assessment-multi-targeted-kinase-inhibitors-chronic-myeloid-leukaemia-cml,HFA-ICOS Baseline Cardio-Oncology Risk Assessment for Multi-Targeted Kinase Inhibitors for CML,Nilotinib-associated cardiovascular events in chronic myeloid leukemia,"Fernando et al., 2024","Moderate, high, or very-high risk (vs low risk)",Prognosis,Unclear,v1_raw,human-extracted,High,High,Count-based,Exact outcome is not separately encoded in every frozen row; verify against source.,229,35,78,13,103,116,0.5065502183,0.2096069869,0.1120689655,0.0666734962,0.1823343106,0.2
163,165,mdcalc:10647,10647,HFA-ICOS Baseline Cardio-Oncology Risk Assessment for Multiple Myeloma Therapies,https://www.mdcalc.com/calc/10647/hfa-icos-baseline-cardio-oncology-risk-assessment-multiple-myeloma-therapies,HFA-ICOS Baseline Cardio-Oncology Risk Assessment for Multiple Myeloma Therapies,Proteasome inhibitor-associated cardiovascular adverse events in multiple myeloma,"Pons-Fuster et al., 2026",High or very-high risk (vs low/moderate risk),Prognosis,Unclear,v1_raw,human-extracted,High,High,Count-based,Exact outcome is not separately encoded in every frozen row; verify against source.,98,11,15,11,61,72,0.7346938776,0.2244897959,0.1527777778,0.08750708729,0.2532228937,
164,166,mdcalc:10184,10184,HINTS,https://www.mdcalc.com/calc/10184/hints-stroke-acute-vestibular-syndrome,HINTS for Stroke in Acute Vestibular Syndrome,"Central cause of acute vestibular syndrome, predominantly posterior-circulation stroke","Kattah et al., 2009","Any dangerous HINTS sign: normal head impulse, direction-changing nystagmus, or skew deviation",Diagnosis,Unclear,v1_raw,human-extracted,High,High,Count-based,Exact outcome is not separately encoded in every frozen row; verify against source.,101,76,1,0,24,24,0.2376237624,0.7524752475,0,1.387778781e-17,0.1379762047,0.2
165,167,mdcalc:10165,10165,HE-MACS,https://www.mdcalc.com/calc/10165/history-electrocardiogram-manchester-acute-coronary-syndromes-macs,History and Electrocardiogram-only Manchester Acute Coronary Syndromes (HE-MACS),Type 1 acute myocardial infarction,"Alghamdi et al., 2023",Positive if above the lowest/very-low-risk group; lowest-risk group rules out AMI,"Diagnosis, Rule Out",Unclear,v1_raw,human-extracted,High,High,Count-based,Exact outcome is not separately encoded in every frozen row; verify against source.,817,104,691,0,22,22,0.02692778458,0.1272949816,0,0,0.1486548746,0.2
166,168,mdcalc:1789,1789,HIT Expert Probability (HEP) Score for Heparin-Induced Thrombocytopenia,https://www.mdcalc.com/calc/1789/hit-expert-probability-hep-score-heparin-induced-thrombocytopenia,HIT Expert Probability (HEP) Score for Heparin-Induced Thrombocytopenia,Thrombocytopenia,Besch et al. Identification of heparin-induced thrombocytopenia in surgical ICU patients: diagnostic accuracy of the HEP score. J Clin Med. 2022;11:1515.,HEP ≥5,Diagnosis,Unclear,v1_raw,human-extracted,Moderate,Moderate,Count-based,Exact outcome is not separately encoded in every frozen row; verify against source.,119,6,9,0,104,104,0.8739495798,0.05042016807,0,0,0.03562135437,0.05
167,169,mdcalc:10518,10518,HIV Incidence Risk Index for MSM (HIRI-MSM),https://www.mdcalc.com/calc/10518/hiv-incidence-risk-index-hiri-msm,HIV Incidence Risk Index for MSM (HIRI-MSM),Incident HIV infection among men who have sex with men,"Lancki et al., 2018",HIRI-MSM score ≥10,Prognosis,Unclear,v1_raw,human-extracted,Moderate,Moderate,Count-based,Exact outcome is not separately encoded in every frozen row; verify against source.,300,28,188,5,79,84,0.28,0.11,0.05952380952,0.02569056109,0.1318826282,0.2
168,170,mdcalc:10511,10511,Ho Index,https://www.mdcalc.com/calc/10511/ho-index,Ho Index,Acute severe ulcerative colitis—failure of IV corticosteroid therapy,"Lynch et al., 2016",Ho Index ≥4,Prognosis,Unclear,v1_raw,human-extracted,High,High,Count-based,Exact outcome is not separately encoded in every frozen row; verify against source.,420,96,49,119,156,275,0.6547619048,0.5119047619,0.4327272727,0.3754936199,0.4918144908,
169,171,mdcalc:3120,3120,HOMA-IR,https://www.mdcalc.com/calc/3120/homa-ir-homeostatic-model-assessment-insulin-resistance,HOMA-IR—postpubertal adolescents,Insulin resistance,"Silva et al., 2023",HOMA-IR >2.91,Formula,Unclear,v1_raw,human-extracted,Moderate,Moderate,Count-based,Exact outcome is not separately encoded in every frozen row; verify against source.,43,7,2,4,30,34,0.7906976744,0.2558139535,0.1176470588,0.04671446665,0.2662084277,
170,172,mdcalc:3120,3120,HOMA-IR,https://www.mdcalc.com/calc/3120/homa-ir-homeostatic-model-assessment-insulin-resistance,HOMA-IR—pubertal adolescents,Insulin resistance,"Silva et al., 2023",HOMA-IR >3.22,Formula,Unclear,v1_raw,human-extracted,Moderate,Moderate,Count-based,Exact outcome is not separately encoded in every frozen row; verify against source.,37,12,4,2,19,21,0.5675675676,0.3783783784,0.09523809524,0.02651876744,0.2891413907,
171,173,mdcalc:10051,10051,HOSPITAL Score for Readmissions,https://www.mdcalc.com/calc/10051/hospital-score-readmissions,HOSPITAL Score for Readmissions,30-day unplanned hospital readmission or death,"Aubert et al., 2016",HOSPITAL Score ≥7,Prognosis,Unclear,v1_raw,human-extracted,Moderate,Moderate,Count-based,Exact outcome is not separately encoded in every frozen row; verify against source.,346,14,56,26,250,276,0.7976878613,0.1156069364,0.09420289855,0.06509831469,0.1344484539,0.2
172,174,mdcalc:10167,10167,Hour-Specific Risk for Neonatal Hyperbilirubinemia,https://www.mdcalc.com/calc/10167/hour-specific-risk-neonatal-hyperbilirubinemia,Hour-Specific Risk for Neonatal Hyperbilirubinemia,Subsequent significant neonatal hyperbilirubinemia (TSB ≥95th percentile for age),"Bhutani et al., 1999",Predischarge TSB ≥75th percentile,"Diagnosis, Prognosis",Unclear,v1_raw,human-extracted,Moderate,Moderate,Count-based,Exact outcome is not separately encoded in every frozen row; verify against source.,2840,114,414,12,2300,2312,0.814084507,0.04436619718,0.005190311419,0.002971591448,0.009050586804,0.01
173,175,mdcalc:10089,10089,HScore,https://www.mdcalc.com/calc/10089/hscore-reactive-hemophagocytic-syndrome,HScore for Reactive Hemophagocytic Syndrome,Coronavirus,Bilston et al. Validation of the HScore and HLH-2004 diagnostic criteria for the diagnosis of HLH in a multicenter cohort. Eur J Haematol. 2022;109:129-137. HScore ≥169,HScore ≥169,Diagnosis,Cohort/consecutive,v1_raw,human-extracted,High,High,Count-based,Exact outcome is not separately encoded in every frozen row; verify against source.,187,73,32,3,79,82,0.4385026738,0.4064171123,0.03658536585,0.01251957308,0.1021273464,0.2
174,176,mdcalc:10420,10420,"Humiliation, Afraid, Rape, Kick (HARK)",https://www.mdcalc.com/calc/10420/humiliation-afraid-rape-kick-hark,"Humiliation, Afraid, Rape, Kick (HARK)",Intimate partner violence within the previous 12 months,"Sohal et al., 2007",HARK ≥1,Prognosis,Unclear,v1_raw,human-extracted,Moderate,Moderate,Count-based,Exact outcome is not separately encoded in every frozen row; verify against source.,232,41,10,9,172,181,0.7801724138,0.2155172414,0.04972375691,0.02637736246,0.09178584053,0.1
175,177,mdcalc:10417,10417,"Hurt, Insult, Threaten, Scream (HITS) Score",https://www.mdcalc.com/calc/10417/hurt-insult-threaten-scream-hits-score,"Hurt, Insult, Threaten, Scream (HITS) Score",Intimate partner violence within the previous 12 months,"Iverson et al., 2013",HITS >10,Prognosis,Unclear,v1_raw,human-extracted,Moderate,Moderate,Count-based,Exact outcome is not separately encoded in every frozen row; verify against source.,160,9,2,37,112,149,0.93125,0.2875,0.2483221477,0.1858624753,0.3234329699,
176,178,mdcalc:4031,4031,Hypoglycemia Risk Score,https://www.mdcalc.com/calc/4031/hypoglycemia-risk-score,Hypoglycemia Risk Score,Hypoglycemia-related emergency department visit or hospitalization,"Karter et al., 2023",High-risk classification (>5% predicted 12-month risk),Prognosis,Unclear,v1_raw,human-extracted,Moderate,Moderate,Count-based,Exact outcome is not separately encoded in every frozen row; verify against source.,2013,27,394,25,1567,1592,0.7908594138,0.02583209141,0.01570351759,0.0106591115,0.02307948986,0.05
177,179,mdcalc:10482,10482,Hypothermia Outcome Prediction after ECLS (HOPE) Score,https://www.mdcalc.com/calc/10482/hypothermia-outcome-prediction-after-ecls-hope-score,Hypothermia Outcome Prediction after ECLS (HOPE) Score,Survival to hospital discharge after ECLS rewarming for hypothermic cardiac arrest,"Pasquier et al., 2019",HOPE survival probability ≥10%,Prognosis,Unclear,v1_raw,human-extracted,High,High,Count-based,Exact outcome is not separately encoded in every frozen row; verify against source.,122,50,37,1,34,35,0.2868852459,0.4180327869,0.02857142857,0.005061491855,0.1453308723,0.2
178,180,mdcalc:10465,10465,IMPROVE Bleeding Risk Score,https://www.mdcalc.com/calc/10465/improve-bleeding-risk-score,IMPROVE Bleeding Risk Score,Major or clinically relevant nonmajor bleeding within 14 days of hospital admission,"Arakaki et al., 2024",IMPROVE Bleeding Risk Score ≥7,Prognosis,Unclear,v1_raw,human-extracted,Moderate,Moderate,Count-based,Exact outcome is not separately encoded in every frozen row; verify against source.,3876,15,580,43,3238,3281,0.8464912281,0.01496388029,0.01310576044,0.009744524966,0.01760579314,0.02
179,181,mdcalc:10349,10349,IMPROVE Risk Score for Venous Thromboembolism (VTE),https://www.mdcalc.com/calc/10349/improve-risk-score-venous-thromboembolism-vte,IMPROVE Risk Score for Venous Thromboembolism (VTE),Symptomatic venous thromboembolism within 90 days,"Häfliger et al., 2024",IMPROVE VTE Score ≥2,Prognosis,Unclear,v1_raw,human-extracted,Moderate,Moderate,Count-based,Exact outcome is not separately encoded in every frozen row; verify against source.,1352,11,392,17,932,949,0.7019230769,0.02071005917,0.01791359326,0.01121402408,0.02850030455,0.05
180,182,mdcalc:10350,10350,IMPROVEDD VTE Risk Score,https://www.mdcalc.com/calc/10350/improvedd-risk-score-venous-thromboembolism-vte,IMPROVEDD Risk Score for VTE,Symptomatic venous thromboembolism in hospitalized patients with COVID-19,"Goldin et al., 2021—external validation",≥2 points,Prognosis,Unclear,v1_raw,human-extracted,High,High,Count-based,Exact outcome is not separately encoded in every frozen row; verify against source.,9407,266,7166,8,1967,1975,0.2099500372,0.02912724567,0.004050632911,0.00205393791,0.007972867791,0.01
181,183,mdcalc:10100,10100,Indian Takayasu Clinical Activity Score (ITAS2010),https://www.mdcalc.com/calc/10100/indian-takayasu-clinical-activity-score-itas2010,Indian Takayasu Clinical Activity Score (ITAS2010),Active Takayasu arteritis,"Kim et al., 2022",≥2 points,Diagnosis,Unclear,v1_raw,human-extracted,Moderate,Moderate,Count-based,Exact outcome is not separately encoded in every frozen row; verify against source.,100,30,20,16,34,50,0.5,0.46,0.32,0.2075821626,0.4581029731,
182,184,mdcalc:10589,10589,Infant Scalp Score,https://www.mdcalc.com/calc/10589/infant-scalp-score,Infant Scalp Score,Skull fracture following infant head injury,"Bin et al., 2010",≥4 points,Prognosis,Unclear,v1_raw,human-extracted,High,High,Count-based,Exact outcome is not separately encoded in every frozen row; verify against source.,203,46,33,5,119,124,0.6108374384,0.2512315271,0.04032258065,0.01734433858,0.09092616262,0.1
183,185,mdcalc:1239,1239,Injury Severity Score (ISS),https://www.mdcalc.com/calc/1239/injury-severity-score-iss,Injury Severity Score (ISS),In-hospital mortality after traumatic injury,"Dunham et al., 2024",≥16 points,"Prognosis, Formula",Unclear,v1_raw,human-extracted,High,High,Count-based,Exact outcome is not separately encoded in every frozen row; verify against source.,1031,15,203,13,800,813,0.7885548012,0.02715809893,0.0159901599,0.009368194567,0.02716454811,0.05
184,186,mdcalc:10225,10225,INTERCHEST,https://www.mdcalc.com/calc/10225/interchest-clinical-prediction-rule-chest-pain-primary-care,INTERCHEST Clinical Prediction Rule for Chest Pain in Primary Care,Major adverse cardiac event within 6 weeks,"Kleton et al., 2021",≥2 points,Diagnosis,Unclear,v1_raw,human-extracted,High,High,Count-based,Exact outcome is not separately encoded in every frozen row; verify against source.,664,28,134,4,498,502,0.7560240964,0.04819277108,0.00796812749,0.003102886565,0.02030654067,0.05
185,187,mdcalc:10522,10522,International Diabetes Federation-Diabetes and Ramadan Alliance (IDF-DAR) Fasting Risk Assessment,https://www.mdcalc.com/calc/10522/international-diabetes-federation-diabetes-ramadan-alliance-idf-dar-fasting-risk-assessment,International Diabetes Federation–Diabetes and Ramadan Alliance (IDF-DAR) Fasting Risk Assessment,Hypoglycemia during Ramadan fasting,"Alketbi et al., 2025",High-risk category (>6 points),Prognosis,Unclear,v1_raw,human-extracted,Moderate,Moderate,Count-based,Exact outcome is not separately encoded in every frozen row; verify against source.,394,10,69,36,279,315,0.7994923858,0.116751269,0.1142857143,0.083702672,0.1541630657,0.2
186,188,mdcalc:10517,10517,International Ovarian Tumor Analysis (IOTA) Simple Rules Risk Assessment,https://www.mdcalc.com/calc/10517/international-ovarian-tumor-analysis-iota-simple-rules-risk-assessment,International Ovarian Tumor Analysis (IOTA) Simple Rules Risk Assessment,Malignant or borderline adnexal tumo,"Tinnangwattana et al., 2015",Applicable Simple Rules result: ≥1 M-feature and no B-feature classified as malignant; inconclusive masses excluded,Prognosis,Unclear,v1_raw,human-extracted,Moderate,Moderate,Count-based,Exact outcome is not separately encoded in every frozen row; verify against source.,94,25,11,3,55,58,0.6170212766,0.2978723404,0.05172413793,0.01774613466,0.1413940119,0.2
187,189,mdcalc:402,402,Intracerebral Hemorrhage (ICH) Score,https://www.mdcalc.com/calc/402/intracerebral-hemorrhage-ich-score,Intracerebral Hemorrhage (ICH) Score,30-day mortality after spontaneous intracerebral hemorrhage,"McCracken et al., 2019",ICH Score ≥3 predicts 30-day mortality,Prognosis,Unclear,v1_raw,human-extracted,Moderate,Moderate,Count-based,Exact outcome is not separately encoded in every frozen row; verify against source.,554,99,62,40,353,393,0.7093862816,0.2509025271,0.1017811705,0.07563879898,0.1356331258,0.2
188,190,mdcalc:10203,10203,ISTH Criteria for Disseminated Intravascular Coagulation (DIC),https://www.mdcalc.com/calc/10203/isth-criteria-disseminated-intravascular-coagulation-dic,ISTH Criteria for Disseminated Intravascular Coagulation (DIC),Overt disseminated intravascular coagulation,"Bakhtiari et al., 2004",ISTH DIC Score ≥5,Diagnosis,Unclear,v1_raw,human-extracted,Moderate,Moderate,Count-based,Exact outcome is not separately encoded in every frozen row; verify against source.,217,69,3,5,140,145,0.668202765,0.3410138249,0.03448275862,0.0148172196,0.07817742672,0.1
189,191,mdcalc:10580,10580,ISTH Bleeding Assessment Tool,https://www.mdcalc.com/calc/10580/isth-scc-bleeding-assessment-tool,ISTH-SSC Bleeding Assessment Too,Inherited bleeding disorder in adolescents with heavy menstrual bleeding,"Jain et al., 2020",ISTH-BAT score ≥5,Prognosis,Unclear,v1_raw,human-extracted,Moderate,Moderate,Count-based,Exact outcome is not separately encoded in every frozen row; verify against source.,200,25,8,42,125,167,0.835,0.335,0.251497006,0.1917851271,0.3223843223,
190,192,mdcalc:3315,3315,Khorana Risk Score for Venous Thromboembolism in Cancer Patients,https://www.mdcalc.com/calc/3315/khorana-risk-score-venous-thromboembolism-cancer-patients,Khorana Risk Score for Venous Thromboembolism in Cancer Patients,Venous thromboembolism within 6 months after initiating chemotherapy,"Overvad et al., 2022",Khorana Score ≥2,Prognosis,Unclear,v1_raw,human-extracted,Moderate,Moderate,Count-based,Exact outcome is not separately encoded in every frozen row; verify against source.,40218,471,12641,529,26577,27106,0.6739768263,0.02486448854,0.01951597432,0.01793600684,0.02123211078,0.05
191,193,mdcalc:10045,10045,Kidney Failure Risk Calculator,https://www.mdcalc.com/calc/10045/kidney-failure-risk-calculator,Kidney Failure Risk Calculator,Treated kidney failure within 5 years,"Whitlock et al., 2017",Five-year KFRE risk >3%,Prognosis,Unclear,v1_raw,human-extracted,Moderate,Moderate,Count-based,Exact outcome is not separately encoded in every frozen row; verify against source.,1512,146,518,5,843,848,0.5608465608,0.09986772487,0.005896226415,0.002521067305,0.01372779999,0.02
192,194,mdcalc:3990,3990,Killip Classification for Heart Failure,https://www.mdcalc.com/calc/3990/killip-classification-heart-failure,Killip Classification for Heart Failure,In-hospital mortality following acute myocardial infarction,"Speckauskiene et al., 2026",Killip Class ≥II,Prognosis,Unclear,v1_raw,human-extracted,Moderate,Moderate,Count-based,Exact outcome is not separately encoded in every frozen row; verify against source.,286,51,130,1,104,105,0.3671328671,0.1818181818,0.009523809524,0.001683169233,0.05198625861,0.1
193,195,mdcalc:532,532,King's College Criteria for Acetaminophen Toxicity,https://www.mdcalc.com/calc/532/kings-college-criteria-acetaminophen-toxicity,King's College Criteria for Acetaminophen Toxicity,Acetaminophen-induced fulminant hepatic failure,"Choi et al., 2007","Arterial pH <7.30, or all three: INR >6.5, creatinine >3.4 mg/dL, and grade III–IV encephalopathy",Prognosis,Unclear,v1_raw,human-extracted,Low,Low,Count-based,Exact outcome is not separately encoded in every frozen row; verify against source.,16,5,2,2,7,9,0.5625,0.4375,0.2222222222,0.06322510712,0.5474110309,
194,196,mdcalc:1817,1817,Kocher Criteria for Septic Arthritis,https://www.mdcalc.com/calc/1817/kocher-criteria-septic-arthritis,Kocher Criteria for Septic Arthritis,Pediatric septic arthritis of the hip,"Kocher et al., 2004",≥3 of 4 predictors,Diagnosis,Unclear,v1_raw,human-extracted,High,High,Count-based,Exact outcome is not separately encoded in every frozen row; verify against source.,154,30,11,21,92,113,0.7337662338,0.3311688312,0.185840708,0.1248870669,0.2674519135,
195,197,mdcalc:3805,3805,LACE Index for Readmission,https://www.mdcalc.com/calc/3805/lace-index-readmission,LACE Index for Readmission,Unplanned readmission or death within 30 days,"Dreyer & Dreyer, 2026",LACE Index ≥10,Prognosis,Unclear,v1_raw,human-extracted,High,High,Count-based,Exact outcome is not separately encoded in every frozen row; verify against source.,4167,255,1207,105,2600,2705,0.6491480682,0.08639308855,0.03881700555,0.03216772468,0.0467743109,0.05
196,198,mdcalc:10023,10023,Leiden Clinical Prediction Rule for Undifferentiated Arthritis,https://www.mdcalc.com/calc/10023/leiden-clinical-prediction-rule-undifferentiated-arthritis,Leiden Clinical Prediction Rule for Undifferentiated Arthritis,Progression from undifferentiated arthritis to rheumatoid arthritis within 1 year,"Ghosh et al., 2016",Leiden score ≥8,Diagnosis,Unclear,v1_raw,human-extracted,Low,Low,Count-based,Exact outcome is not separately encoded in every frozen row; verify against source.,50,16,0,11,23,34,0.68,0.54,0.3235294118,0.1913164356,0.4915710541,
197,199,mdcalc:4010,4010,LENT Prognostic Score for Malignant Pleural Effusion,https://www.mdcalc.com/calc/4010/lent-prognostic-score-malignant-pleural-effusion,LENT Prognostic Score for Malignant Pleural Effusion,Six-month mortality in malignant pleural effusion,"Alawneh et al., 2024",LENT score ≥5 (high risk),Prognosis,Unclear,v1_raw,human-extracted,Moderate,Moderate,Count-based,Exact outcome is not separately encoded in every frozen row; verify against source.,120,50,4,29,37,66,0.55,0.6583333333,0.4393939394,0.3262812092,0.5591736462,
198,200,mdcalc:10063,10063,Licurse Score for Renal Ultrasound,https://www.mdcalc.com/calc/10063/licurse-score-renal-ultrasound,Licurse Score for Renal Ultrasound,Hydronephrosis requiring urologic intervention in hospitalized patients with acute kidney injury,"Ip et al., 2016",Licurse score ≥3 (medium/high risk),Prognosis,Unclear,v1_raw,human-extracted,High,High,Count-based,Exact outcome is not separately encoded in every frozen row; verify against source.,778,21,581,2,174,176,0.2262210797,0.02956298201,0.01136363636,0.003121870824,0.04048019331,0.05
199,201,mdcalc:797,797,Light's Criteria for Exudative Effusions,https://www.mdcalc.com/calc/797/lights-criteria-exudative-effusions,Light's Criteria for Exudative Effusions,Exudative pleural effusion,"Nordjannah et al., 2019",At least one standard Light’s criterion positive,Diagnosis,Unclear,v1_raw,human-extracted,Moderate,Moderate,Count-based,Exact outcome is not separately encoded in every frozen row; verify against source.,56,36,3,2,15,17,0.3035714286,0.6785714286,0.1176470588,0.03287977376,0.3433635059,
200,202,mdcalc:3959,3959,Los Angeles Motor Scale (LAMS),https://www.mdcalc.com/calc/3959/los-angeles-motor-scale-lams,Los Angeles Motor Scale (LAMS),Stroke / Transient Ischemic Attack (TIA),"Nazliel et al., A brief prehospital stroke severity scale identifies patients harboring persisting large arterial occlusions. Stroke, 2008.",LAMS ≥4,"Diagnosis, Rule Out",Unclear,v1_raw,human-extracted,Moderate,Moderate,Count-based,Exact outcome is not separately encoded in every frozen row; verify against source.,89,18,7,4,60,64,0.7191011236,0.2471910112,0.0625,0.0245712014,0.1499748509,0.2
201,203,mdcalc:1734,1734,LRINEC Score for Necrotizing Soft Tissue Infection,https://www.mdcalc.com/calc/1734/lrinec-score-necrotizing-soft-tissue-infection,LRINEC Score for Necrotizing Soft Tissue Infection,Necrotizing fasciitis of the extremities,"Hsiao et al., 2020",LRINEC ≥6,Diagnosis,Unclear,v1_raw,human-extracted,High,High,Count-based,Exact outcome is not separately encoded in every frozen row; verify against source.,931,46,141,60,684,744,0.7991407089,0.1138560687,0.08064516129,0.06316549938,0.1024330474,0.2
202,204,mdcalc:10476,10476,MACOCHA Score,https://www.mdcalc.com/calc/10476/macocha-score,MACOCHA Score,"Acute Respiratory Distress Syndrome, Obstructive Sleep Apnea, Respiratory Failure","De Jong et al., Early identification of patients at risk for difficult intubation in the ICU: development and validation of the MACOCHA score. Am J Respir Crit Care Med, 2013.",MACOCHA ≥3,Prognosis,Unclear,v2_metric_reconstructed_counts,human-extracted,Moderate,Moderate,Metric-reconstructed,Exact outcome is not separately encoded in every frozen row; verify against source.,400,23,41,9,327,336,0.84,0.08,0.02678571429,0.0141548021,0.05011475141,0.1
203,205,mdcalc:56,56,Maddrey's Discriminant Function for Alcoholic Hepatitis,https://www.mdcalc.com/calc/56/maddreys-discriminant-function-alcoholic-hepatitis,Maddrey's Discriminant Function for Alcoholic Hepatitis,"Drug/Alcohol Use, Chronic Liver Disease, Hepatitis","Soultati AS, Dourakis SP, Alexopoulou A, Deutsch M, Vasilieva L, Archimandritis AJ. Predicting utility of a model for end stage liver disease in alcoholic liver disease. World J Gastroenterol. 2006 Jul 7;12(25):4020-4025. PMID: 16810751.","30 day mortality, Maddrey DF >108.68","Prognosis, Treatment",Unclear,v2_reported_validation_counts,human-extracted,High,High,Count-based,Exact outcome is not separately encoded in every frozen row; verify against source.,34,2,1,0,31,31,0.9117647059,0.05882352941,0,0,0.1102553955,0.2
204,206,mdcalc:3167,3167,Manning Criteria for Diagnosis of Irritable Bowel Syndrome (IBS),https://www.mdcalc.com/calc/3167/manning-criteria-diagnosis-irritable-bowel-syndrome-ibs,Manning Criteria for Diagnosis of Irritable Bowel Syndrome (IBS),"Anxiety, Irritable Bowel Syndrome","Ford AC, Bercik P, Morgan DG, Bolino C, Pintos-Sanchez MI, Moayyedi P. “Validation of the Rome III criteria for the diagnosis of irritable bowel syndrome in secondary care.” Gastroenterology. 2013;145(6):1262–1270.e1. doi:10.1053/j.gastro.2013.08.048.",≥3 of 6 criteria,Diagnosis,Unclear,v2_reported_event_counts,human-extracted,High,High,Count-based,Exact outcome is not separately encoded in every frozen row; verify against source.,1854,227,271,140,1216,1356,0.7313915858,0.1979503776,0.1032448378,0.08815443038,0.1205768574,0.2
205,207,mdcalc:4022,4022,Marburg Heart Score (MHS),https://www.mdcalc.com/calc/4022/marburg-heart-score-mhs,Marburg Heart Score (MHS),Acute Coronary Syndrome,"Haasenritter J, Bösner S, Vaucher P, et al. Ruling Out Coronary Heart Disease in Primary Care: External Validation of a Clinical Prediction Rule. Br J Gen Pract. 2012;62(599):e415–e421. doi:10.3399/bjgp12X649106.","MHS ≤2 = CHD unlikely/rule-out; equivalently, MHS ≥3 = positive","Diagnosis, Rule Out",Unclear,v2_reported_event_counts,human-extracted,High,High,Count-based,Exact outcome is not separately encoded in every frozen row; verify against source.,832,82,270,10,470,480,0.5769230769,0.1105769231,0.02083333333,0.01135485707,0.03792049622,0.05
206,208,mdcalc:3913,3913,MASCC Risk Index for Febrile Neutropenia,https://www.mdcalc.com/calc/3913/mascc-risk-index-febrile-neutropenia,MASCC Risk Index for Febrile Neutropenia,"HIV/AIDS, Chronic Myeloid Leukemia, Sepsis","Uys A, Rapoport BL, Anderson R. Support Care Cancer. 2004;12(8):555–560.",MASCC >/= 21,"Diagnosis, Prognosis",Unclear,v2_reported_event_counts,human-extracted,High,High,Count-based,Exact outcome is not separately encoded in every frozen row; verify against source.,80,57,1,3,19,22,0.275,0.75,0.1363636364,0.04749003714,0.3333498717,
207,209,mdcalc:10534,10534,Mentzer Index,https://www.mdcalc.com/calc/10534/mentzer-index,Mentzer Index,"Anemia, Arrhythmia, Heart Failure, Hemochromatosis, Hypothyroidism, Thrombosis, Hypogonadism, Osteoporosis, Cholelithiasis, Pulmonary Hypertension","Vehapoglu A, Ozgurhan G, Demir AD, et al. Hematological Indices for Differential Diagnosis of Beta Thalassemia Trait and Iron Deficiency Anemia. Anemia. 2014;2014:576738.",Mentzer index <13 predicts β-thalassemia trait,Diagnosis,Unclear,v2_metric_reconstructed_counts,human-extracted,High,High,Metric-reconstructed,Exact outcome is not separately encoded in every frozen row; verify against source.,290,152,24,2,112,114,0.3931034483,0.5310344828,0.01754385965,0.004824418781,0.06171802646,0.1
208,210,mdcalc:10534,10534,Mentzer Index,https://www.mdcalc.com/calc/10534/mentzer-index,Mentzer Index,"Anemia, Arrhythmia, Heart Failure, Hemochromatosis, Hypothyroidism, Thrombosis, Hypogonadism, Osteoporosis, Cholelithiasis, Pulmonary Hypertension","Vehapoglu A, Ozgurhan G, Demir AD, et al. Hematological Indices for Differential Diagnosis of Beta Thalassemia Trait and Iron Deficiency Anemia. Anemia. 2014;2014:576738.",Mentzer index >13 predicts iron-deficiency anemia,Diagnosis,Unclear,v2_metric_reconstructed_counts,human-extracted,High,High,Metric-reconstructed,Exact outcome is not separately encoded in every frozen row; verify against source.,290,112,2,24,152,176,0.6068965517,0.4689655172,0.1363636364,0.09337768765,0.1948843136,0.2
209,211,mdcalc:10287,10287,Modified Sequential Organ Failure Assessment (mSOFA) Score,https://www.mdcalc.com/calc/10287/modified-sequential-organ-failure-assessment-msofa-score,Modified Sequential Organ Failure Assessment (mSOFA) Score,"Coronavirus, Respiratory Failure","Rahmatinejad Z, Tohidinezhad F, Reihani H, et al. Predictive performance of the SOFA and mSOFA scoring systems for predicting in-hospital mortality in the emergency department. Am J Emerg Med. 2019;37(7):1237–1241. PMID: 30213476.",,Prognosis,Unclear,,no recorded source,Moderate,Moderate,Legacy/no recorded source,Exact outcome is not separately encoded in every frozen row; verify against source.,2205,281,551,145,1228,1373,0.622675737,0.1931972789,0.1056081573,0.0904375334,0.1229795285,0.2
210,212,mdcalc:10287,10287,Modified Sequential Organ Failure Assessment (mSOFA) Score,https://www.mdcalc.com/calc/10287/modified-sequential-organ-failure-assessment-msofa-score,Modified Sequential Organ Failure Assessment (mSOFA) Score,"Coronavirus, Respiratory Failure","Rahmatinejad Z, Tohidinezhad F, Reihani H, et al. Predictive performance of the SOFA and mSOFA scoring systems for predicting in-hospital mortality in the emergency department. Am J Emerg Med. 2019;37(7):1237–1241. PMID: 30213476.",,Prognosis,Unclear,,no recorded source,,Not reported,Legacy/no recorded source,Exact outcome is not separately encoded in every frozen row; verify against source.,2205,290,551,136,1228,1364,0.6185941043,0.1931972789,0.09970674487,0.0849135977,0.1167482667,0.2
211,213,mdcalc:10353,10353,Modified Sgarbossa's Criteria for MI in Left Bundle Branch Block,https://www.mdcalc.com/calc/10353/modified-sgarbossas-criteria-mi-left-bundle-branch-block,Modified Sgarbossa's Criteria for MI in Left Bundle Branch Block,Acute Coronary Syndrome,"Meyers HP, Limkakeng AT Jr, Jaffa EJ, et al. Validation of the modified Sgarbossa criteria for acute coronary occlusion in the setting of left bundle branch block: a retrospective case-control study. Am Heart J. 2015;170(6):1255–1264. PMID: 26678648.",Positive if any modified Sgarbossa criterion is present,Diagnosis,Case-control/two-gate,,no recorded source,High,High,Legacy/no recorded source,Exact outcome is not separately encoded in every frozen row; verify against source.,294,36,3,9,246,255,0.8673469388,0.1530612245,0.03529411765,0.01867748335,0.06570412584,0.1
212,214,mdcalc:4058,4058,Montgomery-Asberg Depression Rating Scale (MADRS),https://www.mdcalc.com/calc/4058/montgomery-asberg-depression-rating-scale-madrs,Montgomery-Asberg Depression Rating Scale (MADRS),"Anxiety, Depression/Suicidality","Müller MJ, Himmerich H, Kienzle B, Szegedi A. “Differentiating moderate and severe depression using the Montgomery–Åsberg Depression Rating Scale (MADRS).” Journal of Affective Disorders. 2003;77(3):255–260. doi:10.1016/S0165-0327(02)00120-9.",MADRS ≥31,"Prognosis, Treatment",Unclear,v1_raw,human-extracted,Moderate,Moderate,Count-based,Exact outcome is not separately encoded in every frozen row; verify against source.,67,29,6,2,30,32,0.4776119403,0.4626865672,0.0625,0.01731056703,0.2014712314,
213,215,mdcalc:10044,10044,Montreal Cognitive Assessment (MoCA),https://www.mdcalc.com/calc/10044/montreal-cognitive-assessment-moca,Montreal Cognitive Assessment (MoCA),Dementia,"Nasreddine ZS, Phillips NA, Bédirian V, et al. The Montreal Cognitive Assessment, MoCA: a brief screening tool for mild cognitive impairment. J Am Geriatr Soc. 2005;53(4):695–699. PMID: 15817019","MoCA <26, equivalent to ≤25, considered positive",Diagnosis,Unclear,v2_llm_sens_spec_prev,model-extracted,medium,Moderate,Reported sensitivity/specificity,Exact outcome is not separately encoded in every frozen row; verify against source.,183,93,12,0,78,78,0.4262295082,0.5081967213,0,0,0.04693780971,0.05
214,216,mdcalc:10618,10618,Natriuretic Response Prediction Equation (NRPE),https://www.mdcalc.com/calc/10618/natriuretic-response-prediction-equation-nrpe,Natriuretic Response Prediction Equation (NRPE),Heart Failure,Ramírez-Sánchez P et al. “External validation of the natriuretic response prediction equation in acute decompensated heart failure.” ESC Heart Failure. 2025. doi:10.1002/ehf2.14801.,NRPE-predicted output cutoff of 36.4 mmol to identify an actual 6-hour sodium output below 50 mmol,Formula,Unclear,v1_raw,human-extracted,moderate - high,Moderate-high,Count-based,Exact outcome is not separately encoded in every frozen row; verify against source.,87,28,5,6,48,54,0.6206896552,0.3908045977,0.1111111111,0.05193022497,0.2219470102,
215,217,mdcalc:604,604,New Orleans/Charity Head Trauma/Injury Rule,https://www.mdcalc.com/calc/604/new-orleans-charity-head-trauma-injury-rule,New Orleans/Charity Head Trauma/Injury Rule,Trauma,"Stiell IG, Clement CM, Rowe BH, et al. Comparison of the Canadian CT Head Rule and the New Orleans Criteria in patients with minor head injury. JAMA. 2005;294(12):1511–1518. doi:10.1001/jama.294.12.1511. PMID: 16189364",≥1 of the 7 New Orleans criteria,"Diagnosis, Rule Out",Unclear,v1_raw,human-extracted,High,High,Count-based,Exact outcome is not separately encoded in every frozen row; verify against source.,1822,97,1506,0,219,219,0.1201975851,0.05323819978,0,0,0.01723852842,0.02
216,218,mdcalc:10077,10077,Newsom Score for Non-traumatic Chest Pain,https://www.mdcalc.com/calc/10077/newsom-score-non-traumatic-chest-pain,Newsom Score for Non-traumatic Chest Pain,"Heart Failure, Respiratory Failure","Newsom et al., Acad Emerg Med 2018",≥1 refined Newsom criterion,"Rule Out, Treatment",Unclear,v1_raw,human-extracted,high,High,Count-based,Exact outcome is not separately encoded in every frozen row; verify against source.,1089,65,709,5,310,315,0.2892561983,0.06427915519,0.01587301587,0.006798568059,0.03661316037,0.05
217,219,mdcalc:3815,3815,NEXUS Chest CT Decision Instrument for CT Imaging,https://www.mdcalc.com/calc/3815/nexus-chest-ct-decision-instrument-ct-imaging,NEXUS Chest CT Decision Instrument for CT Imaging,Trauma,"Rodriguez et al., PLoS Med 2015",,Rule Out,Unclear,v1_raw,human-extracted,high,High,Count-based,Exact outcome is not separately encoded in every frozen row; verify against source.,5475,119,4241,1,1114,1115,0.203652968,0.02191780822,0.0008968609865,0.0001583355337,0.005062653351,0.01
218,220,mdcalc:2075,2075,NEXUS Chest Decision Instrument for Blunt Chest Trauma,https://www.mdcalc.com/calc/2075/nexus-chest-decision-instrument-blunt-chest-trauma,NEXUS Chest Decision Instrument for Blunt Chest Trauma,Trauma,"Rodriguez et al., PLoS Med 2016",≥1 of 7 NEXUS Chest criteria,Algorithm,Unclear,v1_raw,human-extracted,high,High,Count-based,Exact outcome is not separately encoded in every frozen row; verify against source.,9905,1461,7304,17,1123,1140,0.1150933872,0.1492175669,0.0149122807,0.009331097343,0.0237516857,0.05
219,221,mdcalc:2075,2075,NEXUS Chest Decision Instrument for Blunt Chest Trauma,https://www.mdcalc.com/calc/2075/nexus-chest-decision-instrument-blunt-chest-trauma,NEXUS Chest Decision Instrument for Blunt Chest Trauma,Trauma,"Rodriguez et al., PLoS Med 2017",≥1 criterion; outcome,Algorithm,Unclear,v1_raw,human-extracted,high,High,Count-based,Exact outcome is not separately encoded in every frozen row; verify against source.,9905,362,8400,1,1142,1143,0.1153962645,0.0366481575,0.0008748906387,0.0001544563785,0.004939062674,0.005
220,222,mdcalc:703,703,NEXUS Criteria for C-Spine Imaging,https://www.mdcalc.com/calc/703/nexus-criteria-c-spine-imaging,NEXUS Criteria for C-Spine Imaging,Trauma,"Hoffman et al., NEJM 2000",≥1 NEXUS criterion present = imaging indicated,"Diagnosis, Rule Out",Unclear,v1_raw,human-extracted,high,High,Count-based,Exact outcome is not separately encoded in every frozen row; verify against source.,34069,810,28950,8,4301,4309,0.1264786169,0.02401009716,0.001856579253,0.0009410648595,0.003659488861,0.005
221,223,mdcalc:703,703,NEXUS Criteria for C-Spine Imaging,https://www.mdcalc.com/calc/703/nexus-criteria-c-spine-imaging,NEXUS Criteria for C-Spine Imaging,Trauma,"Hoffman et al., NEJM 2000",≥1 criterion present,"Diagnosis, Rule Out",Unclear,v1_raw,human-extracted,high,High,Count-based,Exact outcome is not separately encoded in every frozen row; verify against source.,34069,576,29184,2,4307,4309,0.1264786169,0.01696556987,0.0004641448132,0.0001272944783,0.001690870853,0.005
222,224,mdcalc:10423,10423,NEXUS Head CT Instrument,https://www.mdcalc.com/calc/10423/nexus-head-ct-instrument,NEXUS Head CT Instrument,"Trauma, Traumatic Brain Injury","Mower et al., PLoS Med 2017",≥1 NEXUS Head CT high-risk criterion,Diagnosis,Unclear,v1_raw,human-extracted,high,High,Count-based,Exact outcome is not separately encoded in every frozen row; verify against source.,11770,420,8527,0,2823,2823,0.2398470688,0.03568394223,0,0,0.001358922627,0.005
223,225,mdcalc:10423,10423,NEXUS Head CT Instrument,https://www.mdcalc.com/calc/10423/nexus-head-ct-instrument,NEXUS Head CT Instrument,"Trauma, Traumatic Brain Injury","Mower et al., PLoS Med 2017",≥1 high-risk criterion,Diagnosis,Unclear,v1_raw,human-extracted,high,High,Count-based,Exact outcome is not separately encoded in every frozen row; verify against source.,11770,759,8188,8,2815,2823,0.2398470688,0.06516567545,0.002833864683,0.001436665569,0.005582284418,0.01
224,226,mdcalc:10151,10151,NINCDS-ADRDA Criteria for Alzheimer’s Disease,https://www.mdcalc.com/calc/10151/nincds-adrda-criteria-alzheimers-disease,NINCDS-ADRDA Criteria for Alzheimer’s Disease,"Alzheimer's Disease, Dementia","Blacker et al., Reliability and Validity of NINCDS-ADRDA Criteria, Arch Neurol 1994",Post-Consensus,Diagnosis,Unclear,v1_literature_lit_prev,human-extracted,moderate,Moderate,Metric-reconstructed,Exact outcome is not separately encoded in every frozen row; verify against source.,60,33.2,3.2,6.8,16.8,23.6,0.3933333333,0.6666666667,0.2881355932,0.1457680089,0.4898198779,
225,227,mdcalc:10151,10151,NINCDS-ADRDA Criteria for Alzheimer’s Disease,https://www.mdcalc.com/calc/10151/nincds-adrda-criteria-alzheimers-disease,NINCDS-ADRDA Criteria for Alzheimer’s Disease,"Alzheimer's Disease, Dementia","Blacker et al., Reliability and Validity of NINCDS-ADRDA Criteria, Arch Neurol 1994",Pre-Consensus,Diagnosis,Unclear,v1_literature_lit_prev,human-extracted,moderate,Moderate,Metric-reconstructed,Exact outcome is not separately encoded in every frozen row; verify against source.,60,32.4,5.4,7.6,14.6,22.2,0.37,0.6666666667,0.3423423423,0.1818801502,0.5493177044,
226,228,mdcalc:10593,10593,NIRUDAK Score,https://www.mdcalc.com/calc/10593/novel-innovative-research-understanding-dehydration-adults-kids-nirudak-score,NIRUDAK Dehydration Score,Dehydration,"Barry/Levine et al., NIRUDAK derivation and internal validation",Simplified NIRUDAK score ≥4; outcome,Prognosis,Unclear,v1_raw,human-extracted,high,High,Count-based,Exact outcome is not separately encoded in every frozen row; verify against source.,928,63,330,18,517,535,0.5765086207,0.08728448276,0.03364485981,0.02138618486,0.05255292685,0.1
227,229,mdcalc:10042,10042,Oakland Score for Safe Discharge After Lower GI Bleed,https://www.mdcalc.com/calc/10042/oakland-score-safe-discharge-lower-gi-bleed,Oakland Score for Safe Discharge After Lower GI Bleed,"Acute Pain, Bleeding/Hemorrhage, Gastroenteritis, Gastrointestinal Bleeding","Oakland et al., JAMA Network Open 2020",_<=8,"Prognosis, Treatment",Unclear,v1_raw,human-extracted,high,High,Count-based,Exact outcome is not separately encoded in every frozen row; verify against source.,38067,21499,12267,575,3726,4301,0.1129850001,0.5798723304,0.1336898396,0.1238453411,0.1441880975,0.2
228,230,mdcalc:10542,10542,Osteoporosis Index of Risk (OSIRIS),https://www.mdcalc.com/calc/10542/osteoporosis-index-risk-osiris,Osteoporosis Index of Risk (OSIRIS),"Fracture, Osteoporosis","Reginster et al., Rheumatol Int 2004",OSIRIS >−3 to ≤+1; outcome,Prognosis,Unclear,v1_raw,human-extracted,high,High,Count-based,Exact outcome is not separately encoded in every frozen row; verify against source.,889,68,132,122,567,689,0.7750281215,0.2137232846,0.1770682148,0.1503784904,0.2073389292,
229,231,mdcalc:10541,10541,Osteoporosis Risk Assessment Instrument (ORAI),https://www.mdcalc.com/calc/10541/osteoporosis-risk-assessment-instrument-orai,Osteoporosis Risk Assessment Instrument (ORAI),"Fracture, Osteoporosis","Cadarette et al., CMAJ 2000",ORAI ≥9,Prognosis,Unclear,v1_raw,human-extracted,high,High,Count-based,Exact outcome is not separately encoded in every frozen row; verify against source.,450,112,177,8,153,161,0.3577777778,0.2666666667,0.04968944099,0.02539054758,0.09497637324,0.1
230,232,mdcalc:1670,1670,Ottawa Ankle Rule,https://www.mdcalc.com/calc/1670/ottawa-ankle-rule,Ottawa Ankle Rule,"Fracture, Sprain/Strain, Trauma","Plint et al., Validation of the Ottawa Ankle Rules in Children With Ankle Injuries, Acad Emerg Med 1999",≥1 Ottawa ankle-zone criterion,Diagnosis,Unclear,v1_raw,human-extracted,high,High,Count-based,Exact outcome is not separately encoded in every frozen row; verify against source.,559,67,375,0,117,117,0.2093023256,0.1198568873,0,0,0.03178924566,0.05
231,233,mdcalc:368,368,Ottawa Knee Rule,https://www.mdcalc.com/calc/368/ottawa-knee-rule,Ottawa Knee Rule,"Fracture, Sprain/Strain, Trauma",Prospective implementation study in teaching and community emergency departments,"Any of: Age ≥55, isolated patella tenderness, fibula head tenderness, inability to flex to 90°, inability to bear weight","Diagnosis, Rule Out",Unclear,v2_llm_event_counts,model-extracted,high,High,Count-based,Exact outcome is not separately encoded in every frozen row; verify against source.,3907,58,2001,0,1848,1848,0.4729971845,0.01484514973,0,2.168404345e-19,0.002074399405,0.005
232,234,mdcalc:3875,3875,Ottawa Subarachnoid Hemorrhage (SAH) Rule for Headache Evaluation,https://www.mdcalc.com/calc/3875/ottawa-subarachnoid-hemorrhage-sah-rule-for-headache-evaluation,Ottawa Subarachnoid Hemorrhage (SAH) Rule for Headache Evaluation,Subarachnoid Hemorrhage,Prospective validation study of Ottawa SAH Rule at 10 sites,"Presence of any Ottawa SAH Rule criteria (age ≥40, neck pain/stiffness, witnessed LOC, onset during exertion, thunderclap headache, limited neck flexion)",Rule Out,Unclear,v2_llm_event_counts,model-extracted,medium,Moderate,Count-based,Exact outcome is not separately encoded in every frozen row; verify against source.,1999,130,1583,0,286,286,0.1430715358,0.06503251626,0,0,0.01325365542,0.02
233,235,mdcalc:3955,3955,Palchak (UC Davis) Rule for Pediatric Head Trauma,https://www.mdcalc.com/calc/3955/palchak-uc-davis-rule-pediatric-head-trauma,Palchak (UC Davis) Rule for Pediatric Head Trauma,Trauma,"Palchak et al., Clinician Judgment Versus a Decision Rule for Identifying Children at Risk of TBI on CT, Ann Emerg Med. 2009",≥1 Palchak predictor,"Diagnosis, Rule Out",Unclear,v1_raw,human-extracted,high,High,Count-based,Exact outcome is not separately encoded in every frozen row; verify against source.,1168,88,791,1,288,289,0.2474315068,0.07619863014,0.003460207612,0.0006110729704,0.01933644008,0.02
234,236,mdcalc:589,589,PECARN Pediatric Head Injury/Trauma Algorithm,https://www.mdcalc.com/calc/589/pecarn-pediatric-head-injury-trauma-algorithm,PECARN Pediatric Head Injury/Trauma Algorithm,Trauma,"Schonfeld et al., PECARN Head Injury Clinical Prediction Rules Are Reliable in Practice, Arch Dis Child. 2014",≥1 age-specific PECARN predictor,"Algorithm, Rule Out",Unclear,v1_raw,human-extracted,high,High,Count-based,Exact outcome is not separately encoded in every frozen row; verify against source.,2428,19,1096,0,1313,1313,0.5407742998,0.007825370675,0,0,0.002917176396,0.005
235,237,mdcalc:3971,3971,PECARN Pediatric Intra-Abdominal Injury (IAI) Algorithm,https://www.mdcalc.com/calc/3971/pecarn-pediatric-intra-abdominal-injury-iai-algorithm,PECARN Pediatric Intra-Abdominal Injury (IAI) Algorithm,"Acute Pain, Fracture, Trauma","Holmes et al., Identifying Children at Very Low Risk of Clinically Important Blunt Abdominal Injuries, Ann Emerg Med.",very low risk classification (zero predictive variables),Rule Out,Unclear,v2_llm_event_counts,model-extracted,high,High,Count-based,Exact outcome is not separately encoded in every frozen row; verify against source.,12044,197,6809,6,5032,5038,0.4182995682,0.01685486549,0.001190948789,0.000545933227,0.002596065376,0.005
236,238,mdcalc:3926,3926,Pediatric Appendicitis Score (PAS),https://www.mdcalc.com/calc/3926/pediatric-appendicitis-score-pas,Pediatric Appendicitis Score (PAS),Appendicitis,Shah and colleagues prospective validation study using diagnostic algorithm,,"Diagnosis, Rule Out",Unclear,v2_llm_event_counts,model-extracted,high,High,Count-based,Exact outcome is not separately encoded in every frozen row; verify against source.,840,263,32,4,541,545,0.6488095238,0.3178571429,0.007339449541,0.002857762868,0.01871760946,0.02
237,239,mdcalc:10078,10078,Pediatric NEXUS II,https://www.mdcalc.com/calc/10078/pediatric-nexus-ii-head-ct-decision-instrument-blunt-trauma,Pediatric NEXUS II Head CT Decision Instrument,Trauma,"Gupta et al., Validation of the Pediatric NEXUS II Head CT Decision Instrument, Acad Emerg Med. 2018",≥1 NEXUS Head CT high-risk criterion,Treatment,Unclear,v1_raw,human-extracted,high,High,Count-based,Exact outcome is not separately encoded in every frozen row; verify against source.,1018,48,640,1,329,330,0.3241650295,0.04813359528,0.00303030303,0.0005351233237,0.01696258005,0.02
240,242,mdcalc:10422,10422,Penicillin Allergy Decision Rule (PEN-FAST),https://www.mdcalc.com/calc/10422/penicillin-allergy-decision-rule-pen-fast,Penicillin Allergy Decision Rule (PEN-FAST),Allergy,"Piotin A, Godet J, Trubiano JA, et al. Predictive factors of amoxicillin immediate hypersensitivity and validation of PEN-FAST clinical decision rule. Ann Allergy Asthma Immunol. 2022;128(1):27–32. doi:10.1016/j.anai.2021.07.005. PMID: 34271183.",PEN-FAST ≥3 predicts higher allergy risk; PEN-FAST <3 indicates low risk,Prognosis,Unclear,v2_llm_event_counts,model-extracted,Moderate,Moderate,Count-based,Exact outcome is not separately encoded in every frozen row; verify against source.,142,60,53,2,27,29,0.2042253521,0.4366197183,0.06896551724,0.01912126617,0.2196458015,
241,243,mdcalc:347,347,PERC Rule for Pulmonary Embolism,https://www.mdcalc.com/calc/347/perc-rule-pulmonary-embolism,PERC Rule for Pulmonary Embolism,Venous thromboembolism or death within 45 days,"Kline JA, Courtney DM, Kabrhel C, et al. Prospective multicenter evaluation of the pulmonary embolism rule-out criteria. J Thromb Haemost. 2008;6(5):772–780. doi:10.1111/j.1538-7836.2008.02944.x. PMID: 18318689.",Low clinical suspicion (<15%) and all eight PERC criteria negative,"Diagnosis, Rule Out",Unclear,v2_llm_event_counts,model-extracted,High,High,Count-based,Exact outcome is not separately encoded in every frozen row; verify against source.,8138,601,5871,16,1650,1666,0.2047186041,0.07581715409,0.009603841537,0.005920121968,0.0155438671,0.02
242,244,mdcalc:1725,1725,PHQ-9 (Patient Health Questionnaire-9),https://www.mdcalc.com/calc/1725/phq9-patient-health-questionnaire9,PHQ-9 (Patient Health Questionnaire-9),Depression/Suicidality,"Arroll B, Goodyear-Smith F, Crengle S, et al. Validation of PHQ-2 and PHQ-9 to screen for major depression in the primary care population. Ann Fam Med. 2010;8(4):348–353. doi:10.1370/afm.1139. PMID: 20644190.",,Diagnosis,Unclear,v1_raw,human-extracted,High,High,Count-based,Exact outcome is not separately encoded in every frozen row; verify against source.,2642,121,220,42,2259,2301,0.8709311128,0.06169568509,0.01825293351,0.01353214474,0.0245795694,0.05
243,245,mdcalc:1042,1042,Pittsburgh Knee Rules,https://www.mdcalc.com/calc/1042/pittsburgh-knee-rules,Pittsburgh Knee Rules,Trauma,"Seaberg et al., Multicenter Comparison of Two Clinical Decision Rules for Knee Radiography, Ann Emerg Med. 1998",Fall or blunt trauma mechanism with inability to ambulate or age <12 or >50,"Diagnosis, Rule Out",Unclear,v2_llm_event_counts,model-extracted,high,High,Count-based,Exact outcome is not separately encoded in every frozen row; verify against source.,745,90,262,1,392,393,0.5275167785,0.122147651,0.002544529262,0.0004493131988,0.01427056722,0.02
245,247,mdcalc:10200,10200,PLASMIC Score for TTP,https://www.mdcalc.com/calc/10200/plasmic-score-ttp,PLASMIC Score for TTP,"Anemia, Thrombocytopenia, Thrombotic Thrombocytopenic Purpura",External validation cohort of consecutive hospitalized patients with suspected thrombotic microangiopathy,≥6 (high risk vs low-intermediate risk 0-5),Diagnosis,Cohort/consecutive,v2_llm_event_counts,model-extracted,high,High,Count-based,Exact outcome is not separately encoded in every frozen row; verify against source.,112,19,7,2,84,86,0.7678571429,0.1875,0.02325581395,0.006400926204,0.08088014563,0.1
246,248,mdcalc:10491,10491,Predicting Risk of Cardiovascular Disease EVENTs (PREVENT),https://www.mdcalc.com/calc/10491/predicting-risk-cardiovascular-disease-events-prevent,Predicting Risk of Cardiovascular Disease EVENTs (PREVENT),"Heart Failure, Stroke / Transient Ischemic Attack (TIA)","Scheuermann B, Brown A, Colburn T, Hakeem H, Chow CH, Ade C. External Validation of the American Heart Association PREVENT Cardiovascular Disease Risk Equations. JAMA Netw Open. 2024;7(10):e2438311. doi:10.1001/jamanetworkopen.2024.38311",PREVENT estimated 10-year CVD risk ≥10%,Prognosis,Unclear,v1_raw,human-extracted,Moderate-high,Moderate-high,Count-based,Exact outcome is not separately encoded in every frozen row; verify against source.,20396,638,4260,91,15407,15498,0.7598548735,0.03574230241,0.005871725384,0.004785247551,0.007203099725,0.01
247,249,mdcalc:10102,10102,Prediction of Alcohol Withdrawal Severity Scale,https://www.mdcalc.com/calc/10102/prediction-alcohol-withdrawal-severity-scale,Prediction of Alcohol Withdrawal Severity Scale,"Drug/Alcohol Use, Substance Withdrawal","Maldonado et al., Prospective Validation Study of PAWSS, Alcohol Alcohol. 2015",≥4,Diagnosis,Unclear,v2_llm_event_counts,model-extracted,high,High,Count-based,Exact outcome is not separately encoded in every frozen row; verify against source.,403,27,2,2,372,374,0.9280397022,0.07196029777,0.005347593583,0.001467730108,0.01928557432,0.02
248,250,mdcalc:10473,10473,Primary Care PTSD Screen for DSM-5 (PC-PTSD-5),https://www.mdcalc.com/calc/10473/primary-care-ptsd-screen-dsm-5-pc-ptsd,Primary Care PTSD Screen for DSM-5 (PC-PTSD-5),"Posttraumatic Stress Disorder, Trauma","Bovin MJ, Kimerling R, Weathers FW, et al. Diagnostic Accuracy and Acceptability of the PC-PTSD-5 Among US Veterans. JAMA Netw Open. 2021;4(2):e2036733. doi:10.1001/jamanetworkopen.2020.36733.",≥4,Prognosis,Unclear,v2_llm_event_counts,model-extracted,High,High,Count-based,Exact outcome is not separately encoded in every frozen row; verify against source.,396,53,28,15,300,315,0.7954545455,0.1717171717,0.04761904762,0.02906714026,0.07707168794,0.1
249,251,mdcalc:33,33,PSI/PORT Score: Pneumonia Severity Index for CAP,https://www.mdcalc.com/calc/33/psi-port-score-pneumonia-severity-index-cap,PSI/PORT Score: Pneumonia Severity Index for CAP,"Coronavirus, Pneumonia, Respiratory Failure, Chronic Obstructive Pulmonary Disease","Zhang ZX, Zhang W, Liu P, et al. Prognostic value of Pneumonia Severity Index, CURB-65, CRB-65, and procalcitonin in community-acquired pneumonia in Singapore. Proc Singapore Healthc. 2016. doi:10.1177/2010105815623292.",PSI class IV–V (score ≥91),Prognosis,Unclear,v2_llm_event_counts,model-extracted,High,High,Count-based,Exact outcome is not separately encoded in every frozen row; verify against source.,1902,284,809,15,794,809,0.4253417455,0.1572029443,0.01854140915,0.01126801871,0.03036551074,0.05
250,252,mdcalc:33,33,PSI/PORT Score: Pneumonia Severity Index for CAP,https://www.mdcalc.com/calc/33/psi-port-score-pneumonia-severity-index-cap,PSI/PORT Score: Pneumonia Severity Index for CAP,"Coronavirus, Pneumonia, Respiratory Failure, Chronic Obstructive Pulmonary Disease","Shah BA, Ahmed W, Dhobi GN, Shah NN, Khursheed SQ, Haq I. Validity of pneumonia severity index and CURB-65 severity scoring systems in community acquired pneumonia in an Indian setting. Indian J Chest Dis Allied Sci. 2010;52(1):9–17. PMID: 20364609.", PSI class ≥IV (score ≥91),Prognosis,Unclear,v2_llm_sens_spec_prev,model-extracted,Moderate-high,Moderate-high,Reported sensitivity/specificity,Exact outcome is not separately encoded in every frozen row; verify against source.,150,16,64,0,70,70,0.4666666667,0.1066666667,0,0,0.05202306241,0.1
251,253,mdcalc:1304,1304,Pulmonary Embolism Severity Index (PESI),https://www.mdcalc.com/calc/1304/pulmonary-embolism-severity-index-pesi,Pulmonary Embolism Severity Index (PESI),Pulmonary Embolism,"Donzé J, Le Gal G, Fine MJ, et al. Prospective validation of the Pulmonary Embolism Severity Index: a clinical prognostic model for pulmonary embolism. Thromb Haemost. 2008;100(5):943–948. PMID: 18989542. doi:10.1160/TH08-05-0285.",Classes III–V positive; PESI >85,Prognosis,Unclear,v2_llm_event_counts,model-extracted,High,High,Count-based,Exact outcome is not separately encoded in every frozen row; verify against source.,357,19,152,2,184,186,0.5210084034,0.05882352941,0.01075268817,0.002953744875,0.03835155729,0.05
252,254,mdcalc:2654,2654,qSOFA (Quick SOFA) Score for Sepsis,https://www.mdcalc.com/calc/2654/qsofa-quick-sofa-score-sepsis,qSOFA (Quick SOFA) Score for Sepsis,"Coronavirus, Sepsis","Freund Y, Lemachatti N, Krastinova E, et al. Prognostic Accuracy of Sepsis-3 Criteria for In-Hospital Mortality Among Patients With Suspected Infection Presenting to the Emergency Department. JAMA. 2017;317(3):301–308. PMID: 28114554.",qSOFA ≥2; predicts in-hospital mortality,"Diagnosis, Prognosis",Unclear,v1_raw,human-extracted,High,High,Count-based,Exact outcome is not separately encoded in every frozen row; verify against source.,879,52,166,22,639,661,0.7519908987,0.08418657565,0.03328290469,0.02208066311,0.04987853586,0.05
253,255,mdcalc:10304,10304,Quick COVID-19 Severity Index (qCSI),https://www.mdcalc.com/calc/10304/quick-covid-19-severity-index-qcsi,Quick COVID-19 Severity Index (qCSI),Coronavirus,"Haimovich AD, Ravindra NG, Stoytchev S, et al. Development and Validation of the Quick COVID-19 Severity Index: A Prognostic Tool for Early Clinical Decompensation. Ann Emerg Med. 2020;76(4):442–453. doi:10.1016/j.annemergmed.2020.07.022.",qCSI >3 predicts respiratory decompensation within 24 hours,Prognosis,Unclear,v2_lim_event_counts,human-extracted,Moderate-high,Moderate-high,Count-based,Exact outcome is not separately encoded in every frozen row; verify against source.,299,32,57,8,202,210,0.7023411371,0.1337792642,0.0380952381,0.01942764442,0.07335819295,0.1
255,257,mdcalc:3941,3941,Rapid Arterial oCclusion Evaluation (RACE) Scale for Stroke,https://www.mdcalc.com/calc/3941/rapid-arterial-occlusion-evaluation-race-scale-stroke,Rapid Arterial oCclusion Evaluation (RACE) Scale for Stroke,Stroke / Transient Ischemic Attack (TIA),"Prospective validation study by Pérez de la Ossa et al in Catalonia, Spain",≥5,Diagnosis,Unclear,v2_llm_event_counts,model-extracted,high,High,Count-based,Exact outcome is not separately encoded in every frozen row; verify against source.,357,65,90,11,191,202,0.5658263305,0.2128851541,0.05445544554,0.03067581967,0.09486477341,0.1
256,258,mdcalc:3999,3999,Rapid Shallow Breathing Index (RSBI),https://www.mdcalc.com/calc/3999/rapid-shallow-breathing-index-rsbi,Rapid Shallow Breathing Index (RSBI),"Coronavirus, Idiopathic Pulmonary Fibrosis, Pneumonia, Respiratory Failure, Sepsis","Bien US, Souza GF, Campos ES, et al. Maximum inspiratory pressure and rapid shallow breathing index as predictors of successful ventilator weaning. J Phys Ther Sci. 2015;27(12):3723–3727. doi:10.1589/jpts.27.3723.",ROC-derived RSBI threshold predicting successful ventilator weaning; exact threshold not reported,Prognosis,Unclear,v2_llm_sens_spec_prev,model-extracted,high,High,Reported sensitivity/specificity,Exact outcome is not separately encoded in every frozen row; verify against source.,195,126,4,24,41,65,0.3333333333,0.7692307692,0.3692307692,0.2622939587,0.4907618264,
257,259,mdcalc:10347,10347,RCVS2 Score,https://www.mdcalc.com/calc/10347/rcvs2-score-reversible-cerebral-vasoconstriction-syndrome,RCVS2 Score,Reversible cerebral vasoconstriction,"Cho S, et al. RCVS–TCH score can predict reversible cerebral vasoconstriction syndrome in patients with thunderclap headache. Scientific Reports. 2021;11. doi:10.1038/s41598-021-87412-7.",RCVS₂ ≥5 predicts RCVS in patients presenting with thunderclap headache,Diagnosis,Unclear,v2_llm_sens_spec_prev,model-extracted,High,High,Reported sensitivity/specificity,Exact outcome is not separately encoded in every frozen row; verify against source.,253,158,81,7,7,14,0.05533596838,0.652173913,0.5,0.2679920245,0.7320079755,
258,260,mdcalc:10347,10347,RCVS2 Score,https://www.mdcalc.com/calc/10347/rcvs2-score-reversible-cerebral-vasoconstriction-syndrome,RCVS2 Score,Reversible cerebral vasoconstriction,"Rocha EA, Topcuoglu MA, Silva GS, Singhal AB. RCVS₂ score and diagnostic approach for reversible cerebral vasoconstriction syndrome. Neurology. 2019;92:e639–e647",RCVS₂ ≤2 predicts non-RCVS; scores 3–4 are equivocal,Diagnosis,Unclear,v2_llm_sens_spec_prev,model-extracted,High,High,Reported sensitivity/specificity,Exact outcome is not separately encoded in every frozen row; verify against source.,110,68,0,12,30,42,0.3818181818,0.7272727273,0.2857142857,0.1716702463,0.4356720927,
259,261,mdcalc:10027,10027,Recognition of Stroke in the Emergency Room (ROSIER) Scale,https://www.mdcalc.com/calc/10027/recognition-stroke-emergency-room-rosier-scale,Recognition of Stroke in the Emergency Room (ROSIER) Scale,Stroke / Transient Ischemic Attack (TIA),"Zangi M, Karimi S, Mirbaha S, et al. The validity of recognition of stroke in the emergency room (ROSIER) scale in the diagnosis of Iranian patients with acute ischemic stroke in the emergency department. Turk J Emerg Med. 2021;21:1–5. doi:10.4103/2452-2473.301914.",ROSIER ≥1 indicates probable stroke,Diagnosis,Unclear,v2_llm_sens_spec_prev,model-extracted,High,High,Reported sensitivity/specificity,Exact outcome is not separately encoded in every frozen row; verify against source.,356,129,70,22,135,157,0.441011236,0.4241573034,0.1401273885,0.09439341813,0.2030514022,
260,262,mdcalc:3949,3949,ROSE (Risk Stratification of Syncope in the Emergency Department) Rule,https://www.mdcalc.com/calc/3949/rose-risk-stratification-syncope-emergency-department-rule,ROSE (Risk Stratification of Syncope in the Emergency Department) Rule,"Acute Coronary Syndrome, Atrial Fibrillation, Stroke / Transient Ischemic Attack (TIA)",Validation cohort of prospective observational study of ED patients with syncope,,"Diagnosis, Prognosis",Cohort/consecutive,v2_llm_sens_spec_only_lit_prev,model-extracted,medium,Moderate,Reported sensitivity/specificity,Exact outcome is not separately encoded in every frozen row; verify against source.,550,48,171,7,324,331,0.6018181818,0.1,0.02114803625,0.01028105567,0.04300224707,0.05
261,263,mdcalc:3988,3988,Rule of 7s for Lyme Meningitis,https://www.mdcalc.com/calc/3988/rule-7s-lyme-meningitis,Rule of 7s for Lyme Meningitis,Meningitis,Large retrospective cohort study in three pediatric emergency departments,0 points (low risk),"Diagnosis, Rule Out",Cohort/consecutive,v2_llm_event_counts,model-extracted,high,High,Count-based,Exact outcome is not separately encoded in every frozen row; verify against source.,423,112,181,5,125,130,0.3073286052,0.2765957447,0.03846153846,0.01653842636,0.08687839936,0.1
262,264,mdcalc:93,93,San Francisco Syncope Rule,https://www.mdcalc.com/calc/93/san-francisco-syncope-rule,San Francisco Syncope Rule,"Acute Coronary Syndrome, Arrhythmia",Sun et al external validation study - single center prospective cohort,San Francisco Syncope Rule positive (5 predictor variables),"Prognosis, Rule Out",Cohort/consecutive,v2_llm_event_counts,model-extracted,medium,Moderate,Count-based,Exact outcome is not separately encoded in every frozen row; verify against source.,477,5,273,1,198,199,0.4171907757,0.01257861635,0.005025125628,0.00088760951,0.0279105408,0.05
263,265,mdcalc:3802,3802,Secondary Intracerebral Hemorrhage (sICH) Score,https://www.mdcalc.com/calc/3802/secondary-intracerebral-hemorrhage-sich-score,Secondary Intracerebral Hemorrhage (sICH) Score,Stroke / Transient Ischemic Attack (TIA),"Delgado Almandoz JE, Jagadeesan BD, Moran CJ, et al. Independent validation of the secondary intracerebral hemorrhage score with catheter angiography and findings of emergent hematoma evacuation. Neurosurgery. 2012;70(1):131–140. doi:10.1227/NEU.0b013e31822fbf43.",sICH Score >2 predicts an underlying vascular etiology,"Diagnosis, Prognosis",Unclear,v2_llm_event_counts,model-extracted,High,High,Count-based,Exact outcome is not separately encoded in every frozen row; verify against source.,341,50,95,11,185,196,0.5747800587,0.1788856305,0.05612244898,0.03162351271,0.09768628604,0.1
264,266,mdcalc:3820,3820,US (MEDPED) Diagnostic Criteria for Familial Hypercholesterolemia (FH),https://www.mdcalc.com/calc/3820/us-medped-diagnostic-criteria-familial-hypercholesterolemia-fh,US (MEDPED) Diagnostic Criteria for Familial Hypercholesterolemia (FH),Dyslipidemia,"Abdul-Razak S, Rahmat R, Mohd Kasim A, et al. Diagnostic performance of various familial hypercholesterolaemia diagnostic criteria compared to Dutch lipid clinic criteria in an Asian population. BMC Cardiovasc Disord. 2017;17:264. doi:10.1186/s12872-017-0694-z.",Meets age- and family-history-specific US MEDPED total-cholesterol threshold,Diagnosis,Unclear,v1_raw,human-extracted,High,High,Count-based,Exact outcome is not separately encoded in every frozen row; verify against source.,755,105,2,310,338,648,0.8582781457,0.5496688742,0.4783950617,0.4401742994,0.5168704703,
265,267,mdcalc:1856,1856,Vancouver Chest Pain Rule,https://www.mdcalc.com/calc/1856/vancouver-chest-pain-rule,Vancouver Chest Pain Rule,Acute Coronary Syndrome,"External validation study in Brisbane, Australia and Christchurch, New Zealand",Vancouver Chest Pain Rule criteria with highly-sensitive troponin assay,"Diagnosis, Rule Out",Unclear,v2_llm_event_counts,model-extracted,high,High,Count-based,Exact outcome is not separately encoded in every frozen row; verify against source.,1635,327,1095,3,210,213,0.1302752294,0.2018348624,0.01408450704,0.00480135911,0.04058414454,0.05
266,268,mdcalc:362,362,Wells' Criteria for DVT,https://www.mdcalc.com/calc/362/wells-criteria-dvt,Wells' Criteria for DVT,Lower-extremity deep vein thrombosis,"Kargar-soleimanabad et al., Diagnostic value of the Wells score for lower extremity deep vein thrombosis in hospitalized patients: A case–control study, 2026",Wells score ≥2,Diagnosis,Case-control/two-gate,v2_llm_sens_spec_prev,model-extracted,Moderate,Moderate,Reported sensitivity/specificity,Exact outcome is not separately encoded in every frozen row; verify against source.,480,207,72,33,168,201,0.41875,0.5,0.1641791045,0.1193586241,0.2215951029,
267,269,mdcalc:115,115,Wells' Criteria for Pulmonary Embolism,https://www.mdcalc.com/calc/115/wells-criteria-pulmonary-embolism,Wells' Criteria for Pulmonary Embolism,Pulmonary embolism,"Gogulakrishnan & Ramakrishnan, 2023",Wells score ≥2,Diagnosis,Unclear,v2_llm_sens_spec_prev,model-extracted,Moderate,Moderate,Reported sensitivity/specificity,Exact outcome is not separately encoded in every frozen row; verify against source.,65,20,14,3,28,31,0.4769230769,0.3538461538,0.09677419355,0.03346464416,0.2489993844,
268,270,mdcalc:10064,10064,Wexner Score for Obstructed Defecation Syndrome (ODS),https://www.mdcalc.com/calc/10064/wexner-score-obstructed-defecation-syndrome-ods,Wexner Score for Obstructed Defecation Syndrome (ODS),Obstructed defecation syndrome,"Renzi et al., Five-Item Score for Obstructed Defecation Syndrome, 2012",Score ≥9,Diagnosis,Unclear,v2_llm_sens_spec_prev,model-extracted,Moderate,Moderate,Reported sensitivity/specificity,Exact outcome is not separately encoded in every frozen row; verify against source.,200,92,4,8,96,104,0.52,0.5,0.07692307692,0.03949175369,0.1444955462,0.2
269,271,mdcalc:10561,10561,Wisconsin Criteria,https://www.mdcalc.com/calc/10561/wisconsin-criteria,Wisconsin Criteria,Facial fracture following maxillofacial trauma,"Gray et al., Assessment of the Wisconsin Criteria at a Level I Trauma Center, 2022",≥1 Wisconsin criterion present,Prognosis,Unclear,v2_llm_event_counts,model-extracted,Moderate,Moderate,Count-based,Exact outcome is not separately encoded in every frozen row; verify against source.,546,407,41,65,33,98,0.1794871795,0.8644688645,0.6632653061,0.5651152259,0.7490986549,
270,272,mdcalc:10168,10168,Withdrawal Assessment Tool (WAT-1) for Pediatric Withdrawal,https://www.mdcalc.com/calc/10168/withdrawal-assessment-tool-wat-1-pediatric-withdrawal,Withdrawal Assessment Tool (WAT-1) for Pediatric Withdrawal,Pediatric iatrogenic opioid and/or benzodiazepine withdrawal,"McAlister et al., Validation of the Withdrawal Assessment Tool-1 (WAT-1) in pediatric cardiovascular patients on an inpatient unit, 2023",WAT-1 ≥3,Diagnosis,Unclear,v2_llm_event_counts,model-extracted,Low,Low,Count-based,Exact outcome is not separately encoded in every frozen row; verify against source.,60,15,3,15,27,42,0.7,0.5,0.3571428571,0.2298918832,0.5083363428,
271,273,mdcalc:10396,10396,Woman Abuse Screening Tool (WAST),https://www.mdcalc.com/calc/10396/woman-abuse-screening-tool-wast,Woman Abuse Screening Tool (WAST),Intimate partner violence,"Iskandar et al., Testing the Woman Abuse Screening Tool to Identify Intimate Partner Violence in Indonesia, 2015",WAST score ≥10,Prognosis,Unclear,v2_llm_event_counts,model-extracted,Moderate,Moderate,Count-based,Exact outcome is not separately encoded in every frozen row; verify against source.,240,73,60,13,94,107,0.4458333333,0.3583333333,0.1214953271,0.07239434167,0.1968321656,0.2
272,274,mdcalc:10609,10609,"Wound, Ischemia, foot Infection (WIfI) Classification",https://www.mdcalc.com/calc/10609/wound-ischemia-foot-infection-WIfI-classification,"Wound, Ischemia, foot Infection (WIfI) Classification",Major amputation in diabetic foot ulcer,"Sujitha et al., 2026",Stage 4 vs stages 1–3,Prognosis,Unclear,v1_raw,human-extracted,Moderate,Moderate,Count-based,Exact outcome is not separately encoded in every frozen row; verify against source.,70,20,30,1,19,20,0.2857142857,0.3,0.05,0.008881448801,0.2361311934,
273,275,mdcalc:4067,4067,YEARS Algorithm for Pulmonary Embolism (PE),https://www.mdcalc.com/calc/4067/years-algorithm-for-pulmonary-embolism-pe,YEARS Algorithm for Pulmonary Embolism (PE),Pulmonary embolism,"Fayiad et al., 2024","PE likely: 0 YEARS items with D-dimer ≥1,000 ng/mL or ≥1 YEARS item with D-dimer ≥500 ng/mL","Algorithm, Diagnosis",Unclear,v1_raw,human-extracted,Moderate,Moderate,Count-based,Exact outcome is not separately encoded in every frozen row; verify against source.,50,27,7,3,13,16,0.32,0.6,0.1875,0.06591599071,0.4300888096,
274,276,mdcalc:3803,3803,MAGGIC Risk Calculator for Heart Failure,https://www.mdcalc.com/calc/3803/maggic-risk-calculator-heart-failure,MAGGIC Risk Calculator for Heart Failure,One-year all-cause mortality in chronic heart failure,"Scrutinio et al., 2024",Predicted 1-year mortality risk >20%,Prognosis,Unclear,v2_llm_sens_spec_prev,model-extracted,Moderate,Moderate,Reported sensitivity/specificity,Exact outcome is not separately encoded in every frozen row; verify against source.,1696,165,451,91,989,1080,0.6367924528,0.1509433962,0.08425925926,0.06913011566,0.1023354223,0.2
275,277,mdcalc:1844,1844,Major Depression Index (MDI),https://www.mdcalc.com/calc/1844/major-depression-index-mdi,Major Depression Index (MDI),Major depressive disorder,"Fountoulakis et al., 2003",MDI ≥27,Diagnosis,Unclear,v1_raw,human-extracted,Moderate,Moderate,Count-based,Exact outcome is not separately encoded in every frozen row; verify against source.,98,26,4,4,64,68,0.693877551,0.306122449,0.05882352941,0.02311076554,0.1417168843,0.2
276,278,mdcalc:10190,10190,Malnutrition Universal Screening Tool (MUST),https://www.mdcalc.com/calc/10190/malnutrition-universal-screening-tool-must,Malnutrition Universal Screening Tool (MUST),GLIM-defined malnutrition in hospitalized older adults,"van Dronkelaar et al., 2023",MUST ≥2,Diagnosis,Unclear,v2_llm_event_counts,model-extracted,Moderate,Moderate,Count-based,Exact outcome is not separately encoded in every frozen row; verify against source.,356,60,7,89,200,289,0.8117977528,0.4185393258,0.3079584775,0.2575434569,0.3634118531,
277,279,mdcalc:549,549,Mangled Extremity Severity Score (MESS),https://www.mdcalc.com/calc/549/mangled-extremity-severity-score-mess-score,Mangled Extremity Severity Score (MESS),Amputation following severe extremity trauma,"Omoto et al., 2025",MESS ≥7,"Prognosis, Treatment",Unclear,v2_llm_sens_spec_prev,model-extracted,Moderate,Moderate,Reported sensitivity/specificity,Exact outcome is not separately encoded in every frozen row; verify against source.,54,15,8,3,28,31,0.5740740741,0.3333333333,0.09677419355,0.03346464416,0.2489993844,
278,280,mdcalc:10162,10162,McDonald Criteria for Multiple Sclerosis (2017 Revision),https://www.mdcalc.com/calc/10162/mcdonald-criteria-multiple-sclerosis-2017-revision,McDonald Criteria for Multiple Sclerosis (2017 Revision),Conversion from clinically isolated syndrome to clinically definite multiple sclerosis,"Hyun et al., 2019",Meets 2017 DIS and DIT criteria at baseline; DMT-free cohort with ≥2-year follow-up,Diagnosis,Unclear,v1_raw,human-extracted,Moderate,Moderate,Count-based,Exact outcome is not separately encoded in every frozen row; verify against source.,61,35,1,8,17,25,0.4098360656,0.7049180328,0.32,0.1720519031,0.5158973073,
279,281,mdcalc:4017,4017,McMahon Score for Rhabdomyolysis,https://www.mdcalc.com/calc/4017/mcmahon-score-rhabdomyolysis,McMahon Score for Rhabdomyolysis,Rhabdomyolysis requiring renal replacement therapy,"Simpson et al., 2016",McMahon Score ≥6,Prognosis,Unclear,v2_llm_sens_spec_prev,model-extracted,Moderate,Moderate,Reported sensitivity/specificity,Exact outcome is not separately encoded in every frozen row; verify against source.,232,25,65,4,138,142,0.6120689655,0.125,0.02816901408,0.0110077418,0.07018630903,0.1
280,282,mdcalc:10087,10087,Mehran Score for Post-PCI Contrast Nephropathy,https://www.mdcalc.com/calc/10087/mehran-score-post-pci-contrast-nephropathy,Mehran Score for Post-PCI Contrast Nephropathy,Contrast-induced acute kidney injury after PCI,"Hung et al., 2025",>10,Prognosis,Unclear,v2_llm_sens_spec_prev,model-extracted,Moderate,Moderate,Reported sensitivity/specificity,Exact outcome is not separately encoded in every frozen row; verify against source.,217,8,24,4,181,185,0.8525345622,0.05529953917,0.02162162162,0.008439587582,0.05426623398,0.1
281,283,mdcalc:78,78,MELD Na (UNOS/OPTN),https://www.mdcalc.com/calc/78/meld-score-model-end-stage-liver-disease-12-older,MELD-Na (UNOS/OPTN),90-day mortality in cirrhosis with spontaneous bacterial peritonitis,"Coxeter-Smith et al., 2023",>18.5,"Prognosis, Treatment",Unclear,v2_llm_event_counts,model-extracted,Low,Low,Count-based,Exact outcome is not separately encoded in every frozen row; verify against source.,15,8,1,2,4,6,0.4,0.6666666667,0.3333333333,0.09677141111,0.7000066849,
282,284,mdcalc:2693,2693,"MELD Score (Original, Pre-2016, Model for End-Stage Liver Disease)",https://www.mdcalc.com/calc/2693/meld-score-original-pre-2016-model-end-stage-liver-disease,"MELD Score (Original, Pre-2016, Model for End-Stage Liver Disease)",90-day mortality in cirrhosis with spontaneous bacterial peritonitis,"Coxeter-Smith et al., 2023",>16.5,"Prognosis, Treatment",Unclear,v2_llm_sens_spec_prev,model-extracted,Low,Low,Reported sensitivity/specificity,Exact outcome is not separately encoded in every frozen row; verify against source.,15,7,1,3,4,7,0.4666666667,0.6666666667,0.4285714286,0.1582198553,0.7495416355,
283,285,mdcalc:3900,3900,Milan Criteria for Liver Transplantation,https://www.mdcalc.com/calc/3900/milan-criteria-liver-transplantation,Milan Criteria for Liver Transplantation,HCC recurrence after liver transplantation,"Morgul et al., 2020",Beyond Milan criteria predicts recurrence,Prognosis,Unclear,v2_llm_event_counts,model-extracted,Moderate–high,Moderate-high,Count-based,Exact outcome is not separately encoded in every frozen row; verify against source.,120,13,33,4,70,74,0.6166666667,0.1416666667,0.05405405405,0.02121901217,0.130903764,0.2
284,286,mdcalc:3946,3946,Mirels’ Criteria for Prophylactic Fixation,https://www.mdcalc.com/calc/3946/mirels-criteria-prophylactic-fixation,Mirels’ Criteria for Prophylactic Fixation,Pathologic fracture of a metastatic humeral lesion,"Tat et al., 2023",≥8 points,Prognosis,Unclear,v2_llm_sens_spec_prev,model-extracted,Moderate,Moderate,Reported sensitivity/specificity,Exact outcome is not separately encoded in every frozen row; verify against source.,188,51,26,10,101,111,0.5904255319,0.3244680851,0.09009009009,0.04967177162,0.1579314674,0.2
285,287,mdcalc:4006,4006,mMRC (Modified Medical Research Council) Dyspnea Scale,https://www.mdcalc.com/calc/4006/mmrc-modified-medical-research-council-dyspnea-scale,mMRC (Modified Medical Research Council) Dyspnea Scale,Low physical activity level in COPD,"Hayata et al., 2016",≥2 points,"Diagnosis, Prognosis",Unclear,v2_llm_sens_spec_prev,model-extracted,Moderate,Moderate,Reported sensitivity/specificity,Exact outcome is not separately encoded in every frozen row; verify against source.,98,30,8,28,32,60,0.612244898,0.5918367347,0.4666666667,0.3462790604,0.5910657297,
286,288,mdcalc:10437,10437,Combined MELD,https://www.mdcalc.com/calc/10437/model-end-stage-liver-disease-meld,Model for End-Stage Liver Disease (Combined MELD)—MELD 3.0,30-day mortality in hospitalized patients with cirrhosis,"Lin et al., 2024",MELD 3.0 >19,Prognosis,Unclear,v2_llm_sens_spec_prev,model-extracted,Moderate–high,Moderate-high,Reported sensitivity/specificity,Exact outcome is not separately encoded in every frozen row; verify against source.,862,33,143,16,670,686,0.7958236659,0.05684454756,0.02332361516,0.01440666025,0.0375494209,0.05
287,289,mdcalc:3382,3382,Modified Asthma Predictive Index (mAPI),https://www.mdcalc.com/calc/3382/modified-asthma-predictive-index-mapi,Modified Asthma Predictive Index (mAPI),Asthma at age 5 years after severe infant bronchiolitis,"Fabiano Filho et al., 2021",Positive mAPI,Diagnosis,Unclear,v2_llm_rounded_metrics,model-extracted,Low,Low,Metric-reconstructed,Exact outcome is not separately encoded in every frozen row; verify against source.,844,42,10,239,553,792,0.9383886256,0.3329383886,0.3017676768,0.2708189551,0.3346300994,
288,290,mdcalc:3814,3814,Modified Bishop Score for Vaginal Delivery and Induction of Labor,https://www.mdcalc.com/calc/3814/modified-bishop-score-vaginal-delivery-induction-labor,Modified Bishop Score for Vaginal Delivery and Induction of Labor,Vaginal delivery at ≥40 weeks in primigravidas,"Galzie and Rao, 2020",>6 points,Prognosis,Unclear,v2_llm_rounded_metrics,model-extracted,Low,Low,Metric-reconstructed,Exact outcome is not separately encoded in every frozen row; verify against source.,91,68,2,19,2,21,0.2307692308,0.956043956,0.9047619048,0.7108586093,0.9734812326,
289,291,mdcalc:10432,10432,Modified Brain Injury Guideline (mBIG),https://www.mdcalc.com/calc/10432/modified-brain-injury-guideline-mbig,Modified Brain Injury Guideline (mBIG),Severe outcome after complicated mild traumatic brain injury,"Colombo et al., 2025",mBIG 2 or 3,Treatment,Unclear,v2_llm_2x2_raw,model-extracted,Moderate,Moderate,Count-based,Exact outcome is not separately encoded in every frozen row; verify against source.,451,18,196,1,236,237,0.5254988914,0.0421286031,0.004219409283,0.0007452180539,0.02350915596,0.05
290,292,mdcalc:1875,1875,Modified Early Warning Score (MEWS) for Clinical Deterioration,https://www.mdcalc.com/calc/1875/modified-early-warning-score-mews-clinical-deterioration,Modified Early Warning Score (MEWS) for Clinical Deterioration,Death or ICU admission among emergency observation patients,"Lam et al., 2006",Maximum MEWS >4,"Prognosis, Treatment",Unclear,v2_llm_event_counts,model-extracted,Moderate,Moderate,Count-based,Exact outcome is not separately encoded in every frozen row; verify against source.,425,3,14,2,406,408,0.96,0.01176470588,0.004901960784,0.001345325382,0.01769466841,0.02
291,293,mdcalc:3312,3312,Modified Glasgow Prognostic Score (mGPS) for Cancer Outcomes,https://www.mdcalc.com/calc/3312/modified-glasgow-prognostic-score-mgps-cancer-outcomes,Modified Glasgow Prognostic Score (mGPS) for Cancer Outcomes,ICU mortality in patients with breast cancer,"Tunay et al., 2023",mGPS = 2,Prognosis,Unclear,v1_raw,human-extracted,Low,Low,Count-based,Exact outcome is not separately encoded in every frozen row; verify against source.,67,31,13,6,17,23,0.3432835821,0.552238806,0.2608695652,0.1254861604,0.4647000484,
292,294,mdcalc:3989,3989,Modified Mallampati Classification,https://www.mdcalc.com/calc/3989/modified-mallampati-classification,Modified Mallampati Classification,Difficult laryngoscopy,"Yemam et al., 2022",Modified Mallampati class III–IV,Formula,Unclear,v1_raw,human-extracted,Moderate,Moderate,Count-based,Exact outcome is not separately encoded in every frozen row; verify against source.,141,10,8,11,112,123,0.8723404255,0.1489361702,0.08943089431,0.05067093037,0.1530594513,0.2
293,295,mdcalc:3824,3824,Modified Response Evaluation Criteria in Solid Tumors (mRECIST),https://www.mdcalc.com/calc/3824/modified-response-evaluation-criteria-solid-tumors-mrecist,Modified Response Evaluation Criteria in Solid Tumors (mRECIST),Pathologic response of hepatocellular carcinoma after TACE,"Bargellini et al., 2013",Responder: complete or partial response,"Prognosis, Treatment",Unclear,v2_llm_rounded_metrics,model-extracted,Low,Low,Metric-reconstructed,Exact outcome is not separately encoded in every frozen row; verify against source.,178,133,6,10,29,39,0.2191011236,0.8033707865,0.2564102564,0.1456878054,0.4108165592,
294,296,mdcalc:3966,3966,Modified SOAR Score for Stroke,https://www.mdcalc.com/calc/3966/modified-soar-score-stroke,Modified SOAR Score for Stroke,90-day mortality after acute stroke,"Abdul-Rahim et al., 2016",mSOAR ≥4,Prognosis,Unclear,v2_llm_event_counts,model-extracted,High,High,Count-based,Exact outcome is not separately encoded in every frozen row; verify against source.,1012,92,193,29,698,727,0.7183794466,0.1195652174,0.03988995873,0.02791550665,0.05670128414,0.1
295,297,mdcalc:10279,10279,MuLBSTA Score for Viral Pneumonia Mortality,https://www.mdcalc.com/calc/10279/mulbsta-score-viral-pneumonia-mortality,MuLBSTA Score for Viral Pneumonia Mortality,In-hospital mortality in COVID-19 pneumonia,"Gharaee et al., 2023",MuLBSTA ≥13,Prognosis,Unclear,v2_llm_sens_spec_prev,model-extracted,Moderate,Moderate,Reported sensitivity/specificity,Exact outcome is not separately encoded in every frozen row; verify against source.,99,27,23,3,46,49,0.4949494949,0.303030303,0.0612244898,0.02104014667,0.1652048784,0.2
296,298,mdcalc:3996,3996,Murray Score for Acute Lung Injury,https://www.mdcalc.com/calc/3996/murray-score-acute-lung-injury,Murray Score for Acute Lung Injury,Diffuse alveolar damage (pathologic ARDS),"Ferguson et al., 2005",>2.5,"Diagnosis, Prognosis",Unclear,v2_llm_sens_spec_prev,model-extracted,Moderate,Moderate,Reported sensitivity/specificity,Exact outcome is not separately encoded in every frozen row; verify against source.,138,31,22,11,74,85,0.615942029,0.3043478261,0.1294117647,0.07382352798,0.2170480894,
297,299,mdcalc:10611,10611,Myasthenia Gravis Activities of Daily Living (MG-ADL),https://www.mdcalc.com/calc/10611/myasthenia-gravis-activities-of-daily-living-mg-adl,Myasthenia Gravis Activities of Daily Living (MG-ADL),Minimal-manifestation-or-better status in generalized myasthenia gravis,"Watanabe et al., 2024",≤2,Prognosis,Unclear,v2_llm_sens_spec_prev,model-extracted,Moderate,Moderate,Reported sensitivity/specificity,Exact outcome is not separately encoded in every frozen row; verify against source.,2784,1174,203,258,1149,1407,0.505387931,0.5143678161,0.1833688699,0.1640203494,0.2044416457,
298,300,mdcalc:3081,3081,NAFLD (Non-Alcoholic Fatty Liver Disease) Fibrosis Score,https://www.mdcalc.com/calc/3081/nafld-non-alcoholic-fatty-liver-disease-fibrosis-score,NAFLD (Non-Alcoholic Fatty Liver Disease) Fibrosis Score,Advanced liver fibrosis (F3–F4) in NAFLD,"Mathew et al., 2024",>0.676,Formula,Unclear,v2_llm_sens_spec_prev,model-extracted,Moderate,Moderate,Reported sensitivity/specificity,Exact outcome is not separately encoded in every frozen row; verify against source.,147,38,0,18,91,109,0.7414965986,0.380952381,0.1651376147,0.1070868955,0.2459877567,
299,301,mdcalc:1873,1873,National Early Warning Score (NEWS),https://www.mdcalc.com/calc/1873/national-early-warning-score-news,National Early Warning Score (NEWS),Thirty-day all-cause mortality in hemodynamically stable acute pulmonary embolism,"Bavalia et al., 2023",≥3,Prognosis,Unclear,v2_llm_2x2_raw,model-extracted,Moderate,Moderate,Count-based,Exact outcome is not separately encoded in every frozen row; verify against source.,352,5,168,0,179,179,0.5085227273,0.01420454545,0,1.734723476e-18,0.02100977998,0.05
300,302,mdcalc:10083,10083,National Early Warning Score (NEWS) 2,https://www.mdcalc.com/calc/10083/national-early-warning-score-news-2,National Early Warning Score (NEWS) 2,Advanced intervention during hospitalization for acute pulmonary embolism,"Weekes et al., 2025",≥5,Prognosis,Unclear,v2_llm_2x2_raw,model-extracted,Moderate–High,Moderate-high,Count-based,Exact outcome is not separately encoded in every frozen row; verify against source.,2119,247,417,241,1214,1455,0.6866446437,0.2302973101,0.1656357388,0.1474193784,0.1856130124,0.2
301,303,mdcalc:3143,3143,NEDOCS Score for Emergency Department Overcrowding,https://www.mdcalc.com/calc/3143/nedocs-score-emergency-department-overcrowding,NEDOCS Score for Emergency Department Overcrowding,Emergency department overcrowding,"Hargreaves et al., 2020",≥100,Algorithm,Unclear,v2_llm_sens_spec_prev,model-extracted,Moderate,Moderate,Reported sensitivity/specificity,Exact outcome is not separately encoded in every frozen row; verify against source.,448,63,102,20,263,283,0.6316964286,0.1852678571,0.07067137809,0.04621142537,0.1066307021,0.2
302,304,mdcalc:10528,10528,Neonatal Early-Onset Sepsis Calculator,https://www.mdcalc.com/calc/10528/neonatal-early-onset-sepsis-calculator,Neonatal Early-Onset Sepsis Calculator,Neonatal early-onset sepsis,"Friedman et al., 2021","Empiric antibiotics recommended (risk ≥3 per 1,000)",Prognosis,Unclear,v2_llm_event_counts,model-extracted,Moderate,Moderate,Count-based,Exact outcome is not separately encoded in every frozen row; verify against source.,382,7,60,2,313,315,0.8246073298,0.02356020942,0.006349206349,0.001742911731,0.02285068676,0.05
303,305,mdcalc:715,715,NIH Stroke Scale/Score (NIHSS),https://www.mdcalc.com/calc/715/nih-stroke-scale-score-nihss,NIH Stroke Scale/Score (NIHSS),30-day mortality after acute ischemic stroke,"Ramachandran et al., 2022",≥16 on admission,"Diagnosis, Prognosis",Unclear,v2_llm_sens_spec_prev,model-extracted,Moderate,Moderate,Reported sensitivity/specificity,Exact outcome is not separately encoded in every frozen row; verify against source.,100,14,21,5,60,65,0.65,0.19,0.07692307692,0.0333035015,0.1677593327,0.2
304,306,mdcalc:10588,10588,Noninvasive Ventilation Outcomes (NIVO) Score,https://www.mdcalc.com/calc/10588/noninvasive-ventilation-outcomes-nivo-score,Noninvasive Ventilation Outcomes (NIVO) Score,In-hospital mortality in acute COPD exacerbation requiring assisted ventilation,"Hartley et al., 2021",≥5,Prognosis,Unclear,v2_llm_event_counts,model-extracted,High,High,Count-based,Exact outcome is not separately encoded in every frozen row; verify against source.,732,88,98,59,487,546,0.7459016393,0.2008196721,0.1080586081,0.08470342986,0.1368903712,0.2
305,307,mdcalc:10600,10600,North American Familial Chylomicronemia Score (NAFCS),https://www.mdcalc.com/calc/10600/north-american-familial-chylomicronemia-score-nafcs,North American Familial Chylomicronemia Score (NAFCS),Classical familial chylomicronemia syndrome,"Hegele et al., 2025",≥45,Diagnosis,Unclear,v2_llm_sens_spec_prev,model-extracted,Moderate,Moderate,Reported sensitivity/specificity,Exact outcome is not separately encoded in every frozen row; verify against source.,73,8,2,1,62,63,0.8630136986,0.1232876712,0.01587301587,0.002807494214,0.08458525459,0.1
306,308,mdcalc:10394,10394,Novel Pneumonia Risk Score (PRS),https://www.mdcalc.com/calc/10394/novel-pneumonia-risk-score-prs,Novel Pneumonia Risk Score (PRS),Radiographic pneumonia in children,"Ramgopal et al., 2025",≥3,Prognosis,Unclear,v2_llm_sens_spec_prev,model-extracted,Moderate,Moderate,Reported sensitivity/specificity,Exact outcome is not separately encoded in every frozen row; verify against source.,202,60,30,32,80,112,0.5544554455,0.4554455446,0.2857142857,0.210248398,0.3753921793,
307,309,mdcalc:4011,4011,Nutrition Risk in the Critically Ill (NUTRIC) Score,https://www.mdcalc.com/calc/4011/nutrition-risk-critically-ill-nutric-score,Nutrition Risk in the Critically Ill (NUTRIC) Score,28-day mortality in critically ill adults,"de Vries et al., 2018",≥5,Prognosis,Unclear,v2_llm_sens_spec_prev,model-extracted,Moderate–High,Moderate-high,Reported sensitivity/specificity,Exact outcome is not separately encoded in every frozen row; verify against source.,475,107,181,14,173,187,0.3936842105,0.2547368421,0.07486631016,0.04511723061,0.1217304712,0.2
308,310,mdcalc:4012,4012,Nutrition Risk Screening 2002 (NRS-2002),https://www.mdcalc.com/calc/4012/nutrition-risk-screening-2002-nrs-2002,Nutrition Risk Screening 2002 (NRS-2002),Undernutrition or risk of undernutrition,"Westergren et al., 2011",≥3,Prognosis,Unclear,v2_llm_sens_spec_prev,model-extracted,Moderate,Moderate,Reported sensitivity/specificity,Exact outcome is not separately encoded in every frozen row; verify against source.,85,19,6,32,28,60,0.7058823529,0.6,0.5333333333,0.4089342703,0.6537209396,
309,311,mdcalc:10202,10202,Nutritional Risk Index (NRI),https://www.mdcalc.com/calc/10202/nutritional-risk-index-nri,Nutritional Risk Index (NRI),Malnutrition in end-stage renal disease patients receiving peritoneal dialysis,"Prasad et al., 2016",NRI ≤100; SGA reference standard,"Diagnosis, Formula",Unclear,v1_raw,human-extracted,Moderate,Moderate,Count-based,Exact outcome is not separately encoded in every frozen row; verify against source.,283,197,48,15,23,38,0.1342756184,0.7491166078,0.3947368421,0.2559807575,0.55282132,
310,312,mdcalc:10520,10520,Obesity Surgery Mortality Risk Score (OS-MRS),https://www.mdcalc.com/calc/10520/obesity-surgery-mortality-risk-score-os-mrs,Obesity Surgery Mortality Risk Score (OS-MRS),90-day mortality after gastric bypass surgery,"DeMaria et al., 2007",Class C: OS-MRS 4–5,Prognosis,Unclear,v1_raw,human-extracted,High,High,Count-based,Exact outcome is not separately encoded in every frozen row; verify against source.,4433,3,122,34,4274,4308,0.9718023912,0.008346492217,0.007892293408,0.005653397502,0.01100803579,0.02
311,313,mdcalc:3950,3950,OESIL Score for Syncope,https://www.mdcalc.com/calc/3950/oesil-score-syncope,OESIL Score for Syncope,Serious outcome within 10 days after syncope,"Dipaola et al., 2010",OESIL ≥2,"Diagnosis, Prognosis",Unclear,v2_llm_event_counts,model-extracted,Moderate,Moderate,Count-based,Exact outcome is not separately encoded in every frozen row; verify against source.,488,23,187,3,275,278,0.5696721311,0.05327868852,0.01079136691,0.003676696981,0.0312417244,0.05
312,314,mdcalc:10418,10418,Ongoing Violence Assessment Tool (OVAT),https://www.mdcalc.com/calc/10418/ongoing-violence-assessment-tool-ovat,Ongoing Violence Assessment Tool (OVAT),Ongoing intimate partner violence,"Nonawzki et al., 2026","Positive response to items 1, 2, or 4, or response ≥3 to item 3",Prognosis,Unclear,v1_raw,human-extracted,Moderate,Moderate,Count-based,Exact outcome is not separately encoded in every frozen row; verify against source.,193,9,13,3,168,171,0.8860103627,0.0621761658,0.01754385965,0.005984136416,0.05030376513,0.1
313,315,mdcalc:10227,10227,ORBIT Bleeding Risk Score for Atrial Fibrillation,https://www.mdcalc.com/calc/10227/orbit-bleeding-risk-score-atrial-fibrillation,ORBIT Bleeding Risk Score for Atrial Fibrillation,Major bleeding in anticoagulated atrial fibrillation,"Wang et al., 2017",ORBIT ≥4,"Prognosis, Treatment",Unclear,meta_analysis_pooled,human-extracted,Moderate,Moderate,Metric-reconstructed,Exact outcome is not separately encoded in every frozen row; verify against source.,8079,42,313,306,7418,7724,0.9560589182,0.04307463795,0.03961677887,0.03549070067,0.04420056397,0.05
314,316,mdcalc:10188,10188,Ottawa COPD Risk Scale,https://www.mdcalc.com/calc/10188/ottawa-copd-risk-scale,Ottawa COPD Risk Scale,Serious outcome within 30 days after acute COPD exacerbation,"Stiell et al., 2018",OCRS ≥2,Prognosis,Unclear,v2_llm_sens_spec_prev,model-extracted,Moderate,Moderate,Reported sensitivity/specificity,Exact outcome is not separately encoded in every frozen row; verify against source.,1415,107,694,28,586,614,0.4339222615,0.09540636042,0.04560260586,0.03173687721,0.06511880958,0.1
315,317,mdcalc:3994,3994,Ottawa Heart Failure Risk Scale (OHFRS),https://www.mdcalc.com/calc/3994/ottawa-heart-failure-risk-scale-ohfrs,Ottawa Heart Failure Risk Scale (OHFRS),Serious adverse event after acute heart failure,"Stiell et al., 2017",OHFRS >1 (≥2),Diagnosis,Unclear,v2_llm_sens_spec_prev,model-extracted,Moderate,Moderate,Reported sensitivity/specificity,Exact outcome is not separately encoded in every frozen row; verify against source.,1100,156,698,14,232,246,0.2236363636,0.1545454545,0.05691056911,0.03419963665,0.09324702081,0.1
316,318,mdcalc:80,80,Oxygenation Index,https://www.mdcalc.com/calc/80/oxygenation-index,Oxygenation Index,Mortality in mechanically ventilated children,"Winny et al., 2021",OI ≥2.7 at 24 hours,"Prognosis, Treatment",Unclear,v1_raw,human-extracted,Moderate,Moderate,Count-based,Exact outcome is not separately encoded in every frozen row; verify against source.,42,19,7,6,10,16,0.380952381,0.5952380952,0.375,0.1848123256,0.6135895945,
317,319,mdcalc:2023,2023,Padua Prediction Score for Risk of VTE,https://www.mdcalc.com/calc/2023/padua-prediction-score-risk-vte,Padua Prediction Score for Risk of VTE,Symptomatic venous thromboembolism within 90 days,"Häfliger et al., 2024",Padua score ≥4,Treatment,Unclear,v2_llm_event_counts,model-extracted,High,High,Count-based,Exact outcome is not separately encoded in every frozen row; verify against source.,1352,18,628,10,696,706,0.5221893491,0.02071005917,0.01416430595,0.007711651758,0.0258753676,0.05
318,320,mdcalc:3701,3701,Pain Assessment in Advanced Dementia Scale (PAINAD),https://www.mdcalc.com/calc/3701/pain-assessment-advanced-dementia-scale-painad,Pain Assessment in Advanced Dementia Scale (PAINAD),Pain in patients with severe dementia,"Jordan et al., 2011",PAINAD >2,Prognosis,Unclear,v2_llm_event_counts,model-extracted,Moderate,Moderate,Count-based,Exact outcome is not separately encoded in every frozen row; verify against source.,79,12,26,1,40,41,0.5189873418,0.164556962,0.0243902439,0.004318531569,0.1259506206,0.2
319,321,mdcalc:10405,10405,"Pain, Enjoyment of Life and General Activity (PEG) Scale",https://www.mdcalc.com/calc/10405/pain-enjoyment-life-general-activity-peg-scale,"Pain, Enjoyment of Life and General Activity (PEG) Scale",Orofacial pain-related disability,"Roldán-Majewski et al., 2022",PEG ≥3.8,Prognosis,Unclear,v2_llm_sens_spec_prev,model-extracted,Moderate,Moderate,Reported sensitivity/specificity,Exact outcome is not separately encoded in every frozen row; verify against source.,213,95,24,9,85,94,0.441314554,0.4882629108,0.09574468085,0.05119196076,0.1720412073,0.2
320,322,mdcalc:10194,10194,Pancreatic Fistula Risk Score,https://www.mdcalc.com/calc/10194/pancreatic-fistula-risk-score,Pancreatic Fistula Risk Score,Clinically relevant postoperative pancreatic fistula after pancreatoduodenectomy,"Shubert et al., 2015",FRS ≥3,Prognosis,Unclear,v2_llm_event_counts,model-extracted,Moderate–Hig,Moderate,Count-based,Exact outcome is not separately encoded in every frozen row; verify against source.,808,152,474,8,174,182,0.2252475248,0.198019802,0.04395604396,0.02243888283,0.08432663088,0.1
321,323,mdcalc:10552,10552,PECARN Cervical Spine Injury Prediction Rule,https://www.mdcalc.com/calc/10552/pecarn-cervical-spine-injury-prediction-rule,PECARN Cervical Spine Injury Prediction Rule,Cervical spine injury after blunt traum,"Leonard et al., 2024",≥1 PECARN cervical-spine risk factor,"Algorithm, Prognosis",Unclear,v1_raw,human-extracted,High,High,Count-based,Exact outcome is not separately encoded in every frozen row; verify against source.,10573,150,4127,9,6287,6296,0.5954790504,0.01503830512,0.001429479034,0.0007522523124,0.002714733161,0.005
322,324,mdcalc:10204,10204,PECARN Rule for Low Risk Febrile Infants 8-60 Days Old,https://www.mdcalc.com/calc/10204/pecarn-rule-low-risk-febrile-infants-29-60-days-old,PECARN Rule for Low-Risk Febrile Infants 8–60 Days Old,Serious bacterial infection,"Orfanos et al., 2025","Non-low-risk: positive urinalysis, ANC >4,090/µL, or procalcitonin >1.71 ng/mL",Prognosis,Unclear,v2_llm_sens_spec_prev,model-extracted,Moderate–High,Moderate-high,Reported sensitivity/specificity,Exact outcome is not separately encoded in every frozen row; verify against source.,536,56,182,2,296,298,0.5559701493,0.1082089552,0.006711409396,0.001842444152,0.02413628936,0.05
323,325,mdcalc:10201,10201,Pediatric Appendicitis Risk Calculator (pARC),https://www.mdcalc.com/calc/10201/pediatric-appendicitis-risk-calculator-parc,Pediatric Appendicitis Risk Calculator (pARC),Acute appendicitis,"Cotton et al., 2019",pARC ≥5%,Prognosis,Unclear,v2_llm_event_counts,model-extracted,High,High,Count-based,Exact outcome is not separately encoded in every frozen row; verify against source.,2089,344,1084,9,652,661,0.3164193394,0.1689803734,0.01361573374,0.007179520289,0.02567261089,0.05
324,326,mdcalc:10615,10615,Pediatric Fibrosis Score-Continuous (pFIB-c),https://www.mdcalc.com/calc/10615/pediatric-fibrosis-score-continuous-pFIB-c,Pediatric Fibrosis Score-Continuous (pFIB-c),Pediatric MASLD with significant liver fibrosis,"Lefere et al., 2025—NHANES elastography validation cohort","pFIB-c ≥0.226 for significant fibrosis, defined as transient elastography ≥7 kPa",Prognosis,Cohort/consecutive,v2_llm_2x2_raw,model-extracted,High,High,Count-based,Exact outcome is not separately encoded in every frozen row; verify against source.,504,7,21,12,464,476,0.9444444444,0.0376984127,0.02521008403,0.01447894128,0.04354326233,0.05
325,327,mdcalc:3384,3384,Pediatric Respiratory Assessment Measure (PRAM) for Asthma Exacerbation Severity,https://www.mdcalc.com/calc/3384/pediatric-respiratory-assessment-measure-pram-asthma-exacerbation-severity,Pediatric Respiratory Assessment Measure (PRAM) for Asthma Exacerbation Severity,Acute pediatric asthma exacerbation requiring hospitalization,"Thaweerujirot and Daengsuwan, 2019",PRAM ≥5 at triage for hospital admission,Prognosis,Unclear,v2_llm_event_counts,model-extracted,Moderate–High,Moderate-high,Count-based,Exact outcome is not separately encoded in every frozen row; verify against source.,80,19,6,4,51,55,0.6875,0.2875,0.07272727273,0.02864406023,0.1725994007,0.2
326,328,mdcalc:4035,4035,Pediatric Trauma BIG Score,https://www.mdcalc.com/calc/4035/pediatric-trauma-big-score,Pediatric Trauma BIG Score,In-hospital mortality after pediatric trauma,"Raffee et al., 2024",≥10.0,"Prognosis, Treatment",Unclear,v2_llm_2x2_raw,model-extracted,Moderate,Moderate,Count-based,Exact outcome is not separately encoded in every frozen row; verify against source.,415,23,92,3,297,300,0.7228915663,0.06265060241,0.01,0.003406618438,0.02898349336,0.05
327,329,mdcalc:10059,10059,PEDIS Score for Diabetic Foot Ulcers,https://www.mdcalc.com/calc/10059/pedis-score-diabetic-foot-ulcers,PEDIS Score for Diabetic Foot Ulcers,Lower-extremity amputation in diabetic foot ulcer,"Gandhi et al., 2019",≥8,Prognosis,Unclear,v2_llm_2x2_raw,model-extracted,Moderate,Moderate,Count-based,Exact outcome is not separately encoded in every frozen row; verify against source.,61,17,8,0,36,36,0.5901639344,0.2786885246,0,0,0.09641862859,0.1
328,330,mdcalc:10509,10509,Phoenix Sepsis Score,https://www.mdcalc.com/calc/10509/phoenix-sepsis-score,Phoenix Sepsis Score,In-hospital mortality in children with suspected sepsis,"Long et al., 2025",≥2,Diagnosis,Unclear,v2_llm_event_counts,model-extracted,Moderate,Moderate,Count-based,Exact outcome is not separately encoded in every frozen row; verify against source.,6232,33,273,27,5899,5926,0.9508985879,0.009627727856,0.004556193048,0.003133261144,0.006621039915,0.01
329,331,mdcalc:2022,2022,POMPE-C Tool for Pulmonary Embolism Mortality,https://www.mdcalc.com/calc/2022/pompe-c-tool-pulmonary-embolism-mortality,POMPE-C Tool for Pulmonary Embolism Mortality,Pulmonary embolism with active cancer; 30-day all-cause mortality,"Li et al., 2021",>5% predicted mortality,Prognosis,Unclear,v2_llm_event_counts,model-extracted,Moderate–high,Moderate-high,Count-based,Exact outcome is not separately encoded in every frozen row; verify against source.,460,78,240,5,137,142,0.3086956522,0.1804347826,0.03521126761,0.0151321893,0.07977538316,0.1
330,332,mdcalc:3927,3927,POSSUM for Operative Morbidity and Mortality Risk,https://www.mdcalc.com/calc/3927/possum-operative-morbidity-mortality-risk,POSSUM for Operative Morbidity and Mortality Risk,30-day mortality after emergency gastrointestinal surgery,"Bullagan et al., 2025",POSSUM predicted mortality ≥56.7%,Prognosis,Unclear,v2_llm_sens_spec_prev,model-extracted,Moderate,Moderate,Reported sensitivity/specificity,Exact outcome is not separately encoded in every frozen row; verify against source.,45,7,2,1,35,36,0.8,0.1777777778,0.02777777778,0.00492040714,0.1416971865,0.2
331,333,mdcalc:10438,10438,Precision Medicine for Cardiomyopathy (PRIMaCY) Score,https://www.mdcalc.com/calc/10438/precision-medicine-cardiomyopathy-primacy-score,Precision Medicine for Cardiomyopathy (PRIMaCY) Score,Childhood hypertrophic cardiomyopathy; 5-year sudden cardiac death or equivalent arrhythmic event,"Norrish et al., 2023",PRIMaCY clinical-model risk ≥6%,Prognosis,Unclear,v2_llm_event_counts,model-extracted,Moderate,Moderate,Count-based,Exact outcome is not separately encoded in every frozen row; verify against source.,301,13,166,4,118,122,0.4053156146,0.05647840532,0.03278688525,0.01282259847,0.08127563379,0.1
332,334,mdcalc:10282,10282,PREdiction of Survival on ECMO Therapy (PRESET) Score,https://www.mdcalc.com/calc/10282/prediction-survival-ecmo-therapy-preset-score,PREdiction of Survival on ECMO Therapy (PRESET) Score,ICU mortality in severe ARDS treated with venovenous ECMO,"Hilder et al., 2017",PRESET >5,Prognosis,Unclear,v2_llm_event_counts,model-extracted,Moderate,Moderate,Count-based,Exact outcome is not separately encoded in every frozen row; verify against source.,59,24,20,4,11,15,0.2542372881,0.4745762712,0.2666666667,0.1089745333,0.5195043406,
333,335,mdcalc:3385,3385,Prevention and Incidence of Asthma and Mite Allergy (PIAMA) Risk Score,https://www.mdcalc.com/calc/3385/prevention-incidence-asthma-mite-allergy-piama-risk-score,Prevention and Incidence of Asthma and Mite Allergy (PIAMA) Risk Score,Childhood asthma,"Rodríguez-Martínez et al., 2011",≥20,"Diagnosis, Prognosis",Unclear,v2_llm_rounded_metrics,model-extracted,Low,Low,Metric-reconstructed,Exact outcome is not separately encoded in every frozen row; verify against source.,123,36,12,30,45,75,0.6097560976,0.5365853659,0.4,0.2966251565,0.513119612,
334,336,mdcalc:10369,10369,PRIEST COVID-19 Clinical Severity Score,https://www.mdcalc.com/calc/10369/priest-covid-19-clinical-severity-score,PRIEST COVID-19 Clinical Severity Score,COVID-19 pneumonia,"Paraskevas et al., 2022",≥10,Prognosis,Unclear,v2_llm_sens_spec_prev,model-extracted,Moderate,Moderate,Reported sensitivity/specificity,Exact outcome is not separately encoded in every frozen row; verify against source.,177,44,38,9,86,95,0.5367231638,0.2994350282,0.09473684211,0.05064423403,0.1703304367,0.2
335,337,mdcalc:2076,2076,Prostate Tumor Volume & Density,https://www.mdcalc.com/calc/2076/prostate-tumor-volume-density,Prostate Tumor Volume & Density,Prostate cancer,"Park et al., 2023",PSA density ≥0.218 ng/mL²,Formula,Unclear,v2_llm_sens_spec_prev,model-extracted,Moderate,Moderate,Reported sensitivity/specificity,Exact outcome is not separately encoded in every frozen row; verify against source.,275,66,25,45,139,184,0.6690909091,0.4036363636,0.2445652174,0.188099552,0.3114784401,
336,338,mdcalc:10198,10198,PSA Doubling Time (PSADT) Calculator,https://www.mdcalc.com/calc/10198/psa-doubling-time-psadt-calculator,PSA Doubling Time (PSADT) Calculator,Prostate cancer with bone metastases,"Preece et al., 2015",PSADT <18,"Prognosis, Formula",Unclear,v2_llm_sens_spec_prev,model-extracted,Moderate,Moderate,Reported sensitivity/specificity,Exact outcome is not separately encoded in every frozen row; verify against source.,330,57,161,0,112,112,0.3393939394,0.1727272727,0,0,0.03316134707,0.05
337,339,mdcalc:10602,10602,Pulmonary Embolism Syncope-Anemia-Renal Dysfunction (PE-SARD) Score,https://www.mdcalc.com/calc/10602/pulmonary-embolism-syncope-anemia-renal-dysfunction-pe-sard-score,Pulmonary Embolism Syncope-Anemia-Renal Dysfunction (PE-SARD) Score,Major bleeding in acute pulmonary embolism,"Villiger et al., 2023",≥1 point,Prognosis,Unclear,v2_llm_rounded_metrics,model-extracted,Low,Low,Metric-reconstructed,Exact outcome is not separately encoded in every frozen row; verify against source.,687,9,402,5,271,276,0.4017467249,0.02037845706,0.01811594203,0.007762250097,0.04169953758,0.05
338,340,mdcalc:1845,1845,Quick Inventory of Depressive Symptomatology,https://www.mdcalc.com/calc/1845/quick-inventory-depressive-symptomatology-qids,Quick Inventory of Depressive Symptomatology (QIDS-SR16),Major depressive episode,"Chan et al., 2022",≥9,Diagnosis,Unclear,v2_llm_sens_spec_prev,model-extracted,Moderate,Moderate,Reported sensitivity/specificity,Exact outcome is not separately encoded in every frozen row; verify against source.,277,92,29,12,144,156,0.5631768953,0.3754512635,0.07692307692,0.04454835848,0.1296333527,0.2
339,341,mdcalc:89,89,Ranson's Criteria for Pancreatitis Mortality,https://www.mdcalc.com/calc/89/ransons-criteria-pancreatitis-mortality,Ranson's Criteria for Pancreatitis Mortality,In-hospital mortality in acute pancreatitis,"Javed et al., 2024",≥3,Prognosis,Unclear,v1_raw,human-extracted,Moderate,Moderate,Count-based,Exact outcome is not separately encoded in every frozen row; verify against source.,120,8,47,2,63,65,0.5416666667,0.08333333333,0.03076923077,0.008478997236,0.1054270552,0.2
340,342,mdcalc:10145,10145,Rapid Emergency Medicine Score (REMS),https://www.mdcalc.com/calc/10145/rapid-emergency-medicine-score-rems,Rapid Emergency Medicine Score (REMS),In-hospital mortality in trauma patients,"Nakhjavan-Shahraki et al., 2017",≥3,Prognosis,Unclear,v1_raw,human-extracted,Moderate,Moderate,Count-based,Exact outcome is not separately encoded in every frozen row; verify against source.,2148,118,453,5,1572,1577,0.7341713222,0.05726256983,0.003170577045,0.001355018097,0.007400735836,0.01
341,343,mdcalc:4014,4014,RAPID Score for Pleural Infection,https://www.mdcalc.com/calc/4014/rapid-score-pleural-infection,RAPID Score for Pleural Infection,Pleural infection—3-month mortality,"Corcoran et al., PILOT study, 2020",RAPID ≥5,Prognosis,Unclear,v2_llm_event_counts,model-extracted,High,High,Count-based,Exact outcome is not separately encoded in every frozen row; verify against source.,542,27,65,26,424,450,0.8302583026,0.09778597786,0.05777777778,0.03973088513,0.08331089021,0.1
342,344,mdcalc:10031,10031,REACH-B Score for Hepatocellular Carcinoma (HCC),https://www.mdcalc.com/calc/10031/reach-b-score-hepatocellular-carcinoma-hcc,REACH-B Score for Hepatocellular Carcinoma (HCC),Hepatocellular carcinoma in chronic hepatitis B,"Costa et al., 2022",REACH-B ≥8,Prognosis,Unclear,v1_raw,human-extracted,Moderate,Moderate,Count-based,Exact outcome is not separately encoded in every frozen row; verify against source.,682,13,255,3,411,414,0.6070381232,0.02346041056,0.007246376812,0.002467420562,0.02108567263,0.05
343,345,mdcalc:10397,10397,Rebound Hyperbilirubinemia Risk Score,https://www.mdcalc.com/calc/10397/rebound-hyperbilirubinemia-risk-score,Rebound Hyperbilirubinemia Risk Score,Rebound hyperbilirubinemia after phototherapy,"Kamaladevi et al., 2025",Three-variable score ≥20,Prognosis,Unclear,v2_llm_sens_spec_prev,model-extracted,Moderate,Moderate,Reported sensitivity/specificity,Exact outcome is not separately encoded in every frozen row; verify against source.,467,26,8,0,433,433,0.9271948608,0.0556745182,0,0,0.008793713928,0.01
344,346,mdcalc:10027,10027,Recognition of Stroke in the Emergency Room (ROSIER) Scale,https://www.mdcalc.com/calc/10027/recognition-stroke-emergency-room-rosier-scale,Recognition of Stroke in the Emergency Room (ROSIER) Scale,Acute stroke or transient ischemic attack,"Şahin et al., 2021",ROSIER >0,Diagnosis,Unclear,v2_llm_rounded_metrics,model-extracted,low,Low,Metric-reconstructed,Exact outcome is not separately encoded in every frozen row; verify against source.,335,122,33,56,124,180,0.5373134328,0.5313432836,0.3111111111,0.2480213173,0.3820947597,
345,347,mdcalc:10530,10530,Reid's Colposcopic Index (RCI),https://www.mdcalc.com/calc/10530/reids-colposcopic-index-rci,Reid's Colposcopic Index (RCI),CIN2 or higher cervical lesions,"Suwanthananon and Inthasorn, 2020",RCI ≥5,Prognosis,Unclear,v2_llm_sens_spec_prev,model-extracted,Moderate,Moderate,Reported sensitivity/specificity,Exact outcome is not separately encoded in every frozen row; verify against source.,159,36,12,7,104,111,0.6981132075,0.2704402516,0.06306306306,0.03088065759,0.1244766411,0.2
346,348,mdcalc:10628,10628,Respiratory Distress Observation Scale (RDOS),https://www.mdcalc.com/calc/10628/respiratory-distress-observation-scale,Respiratory Distress Observation Scale (RDOS),Moderate-to-severe dyspnea,"Zhuang et al., 2019",RDOS ≥4,Prognosis,Unclear,v2_llm_rounded_metrics,model-extracted,Low,Low,Metric-reconstructed,Exact outcome is not separately encoded in every frozen row; verify against source.,122,49,8,15,50,65,0.5327868852,0.5245901639,0.2307692308,0.1451383485,0.3464470915,
347,349,mdcalc:2198,2198,Revised McDonald Criteria for Multiple Sclerosis Diagnosis,https://www.mdcalc.com/calc/2198/revised-mcdonald-criteria-multiple-sclerosis-diagnosis,Revised McDonald Criteria for Multiple Sclerosis Diagnosis (2017),Clinically definite multiple sclerosis after pediatric acquired demyelinating syndrome,"Wong et al., 2019",2017 McDonald criteria fulfilled at baseline,Diagnosis,Unclear,v2_llm_event_counts,model-extracted,Moderate–High,Moderate-high,Count-based,Exact outcome is not separately encoded in every frozen row; verify against source.,93,34,14,7,38,45,0.4838709677,0.4408602151,0.1555555556,0.07745423485,0.2878390887,
348,350,mdcalc:3111,3111,Revised Original Score for Autoimmune Hepatitis (AIH),https://www.mdcalc.com/calc/3111/revised-original-score-autoimmune-hepatitis-aih,Revised Original Score for Autoimmune Hepatitis (AIH),Autoimmune hepatitis,"Wobser et al., 2018",Pretreatment score ≥10 (probable or definite AIH),"Diagnosis, Rule Out",Unclear,v2_llm_event_counts,model-extracted,Moderate–High,Moderate-high,Count-based,Exact outcome is not separately encoded in every frozen row; verify against source.,281,70,2,0,209,209,0.743772242,0.2491103203,0,0,0.01804845185,0.02
349,351,mdcalc:10008,10008,Revised Schwartz Equation for Glomerular Filtration Rate (GFR) (2009),https://www.mdcalc.com/calc/10008/revised-schwartz-equation-glomerular-filtration-rate-gfr-2009,Revised Schwartz Equation for Glomerular Filtration Rate (GFR) (2009),Reduced glomerular filtration rate,"Rampursat et al., 2018",Estimated GFR <60 mL/min/1.73 m²,Formula,Unclear,v2_llm_rounded_metrics,model-extracted,Low,Low,Metric-reconstructed,Exact outcome is not separately encoded in every frozen row; verify against source.,148,39,5,3,101,104,0.7027027027,0.2837837838,0.02884615385,0.009858182903,0.08140040103,0.1
350,352,mdcalc:10475,10475,Revised Tokuhashi Scoring System,https://www.mdcalc.com/calc/10475/revised-tokuhashi-scoring-system,Revised Tokuhashi Scoring System,Survival <6 months in lung cancer with spinal metastasis,"Choovongkomol et al., 2022",≤8,Prognosis,Unclear,v1_raw,human-extracted,High,High,Count-based,Exact outcome is not separately encoded in every frozen row; verify against source.,181,142,34,0,5,5,0.02762430939,0.7845303867,0,0,0.4344824648,
351,353,mdcalc:683,683,Revised Trauma Score,https://www.mdcalc.com/calc/683/revised-trauma-score,Revised Trauma Score,In-hospital mortality after trauma,"Valderrama-Molina et al., 2016",<6.37,Prognosis,Unclear,v2_llm_2x2_raw,model-extracted,High,High,Count-based,Exact outcome is not separately encoded in every frozen row; verify against source.,4085,330,1010,50,2695,2745,0.6719706242,0.09302325581,0.01821493625,0.01384394731,0.02393249793,0.05
352,354,mdcalc:1872,1872,Richmond Agitation-Sedation Scale (RASS),https://www.mdcalc.com/calc/1872/richmond-agitation-sedation-scale-rass,Richmond Agitation-Sedation Scale (RASS),Delirium in older emergency-department patients,"Han et al., 2015",RASS ≠ 0,Diagnosis,Unclear,v2_llm_sens_spec_prev,model-extracted,Moderate,Moderate,Reported sensitivity/specificity,Exact outcome is not separately encoded in every frozen row; verify against source.,406,42,44,8,312,320,0.7881773399,0.1231527094,0.025,0.01272117851,0.04854787238,0.05
353,355,mdcalc:1786,1786,RIETE Score for Risk of Hemorrhage in Pulmonary Embolism Treatment,https://www.mdcalc.com/calc/1786/riete-score-risk-hemorrhage-pulmonary-embolism-treatment,RIETE Score for Risk of Hemorrhage in Pulmonary Embolism Treatment,Major bleeding within 30 days of anticoagulation for acute VTE,"Lecumberri et al., 2021",>4 points,Prognosis,Unclear,v2_llm_event_counts,model-extracted,Moderate,Moderate,Count-based,Exact outcome is not separately encoded in every frozen row; verify against source.,82239,230,5645,957,75407,76364,0.9285618745,0.01443354126,0.01253208318,0.01176724292,0.01334596471,0.02
354,356,mdcalc:10019,10019,RIFLE Criteria for Acute Kidney Injury (AKI),https://www.mdcalc.com/calc/10019/rifle-criteria-acute-kidney-injury-aki,RIFLE Criteria for Acute Kidney Injury (AKI),In-hospital mortality in critically ill patients,"Hoste et al., 2006",RIFLE class ≥Risk,Diagnosis,Unclear,v2_llm_event_counts,model-extracted,Moderate,Moderate,Count-based,Exact outcome is not separately encoded in every frozen row; verify against source.,5383,620,2997,97,1669,1766,0.3280698495,0.133197102,0.05492638732,0.04523394026,0.06655090795,0.1
355,357,mdcalc:3166,3166,RIPASA Score for Acute Appendicitis,https://www.mdcalc.com/calc/3166/ripasa-score-acute-appendicitis,RIPASA Score for Acute Appendicitis,Histopathologically confirmed acute appendicitis,"Memon et al., 2022",≥7.5,Diagnosis,Unclear,v1_raw,human-extracted,Moderate,Moderate,Count-based,Exact outcome is not separately encoded in every frozen row; verify against source.,230,204,6,13,7,20,0.08695652174,0.9434782609,0.65,0.4328542767,0.8188081759,
356,358,mdcalc:10103,10103,Risk of Malignancy Index (RMI) for Ovarian Cancer,https://www.mdcalc.com/calc/10103/risk-malignancy-index-rmi-ovarian-cancer,Risk of Malignancy Index (RMI) for Ovarian Cancer,Histopathologically confirmed malignant ovarian mass,"Radwan et al., 2023",RMI-I ≥200,Diagnosis,Unclear,v1_raw,human-extracted,Moderate,Moderate,Count-based,Exact outcome is not separately encoded in every frozen row; verify against source.,82,25,4,8,45,53,0.6463414634,0.4024390244,0.1509433962,0.07852417851,0.2705424928,
357,359,mdcalc:3902,3902,Risk of Paradoxical Embolism (RoPE) Score,https://www.mdcalc.com/calc/3902/risk-paradoxical-embolism-rope-score,Risk of Paradoxical Embolism (RoPE) Score,Patent foramen ovale in young patients with cryptogenic stroke,"Prefasi et al., 2016",>7,Diagnosis,Unclear,v2_llm_event_counts,model-extracted,Low,Low,Count-based,Exact outcome is not separately encoded in every frozen row; verify against source.,58,15,13,3,27,30,0.5172413793,0.3103448276,0.1,0.03459988875,0.2562108258,
358,360,mdcalc:10209,10209,RiskE Score for Cardiac Surgery in Active Infective Endocarditis,https://www.mdcalc.com/calc/10209/riske-score-cardiac-surgery-active-infective-endocarditis,RiskE Score for Cardiac Surgery in Active Infective Endocarditis,Perioperative mortality in active left-sided infective endocarditis,"Fernández-Cisneros et al., 2023",RiskE >28,Prognosis,Unclear,v2_llm_event_counts,model-extracted,Moderate–high,Moderate-high,Count-based,Exact outcome is not separately encoded in every frozen row; verify against source.,142,8,29,0,105,105,0.7394366197,0.05633802817,0,0,0.03529407693,0.05
359,361,mdcalc:4049,4049,Rochester Criteria for Febrile Infants,https://www.mdcalc.com/calc/4049/rochester-criteria-febrile-infants,Rochester Criteria for Febrile Infants,Invasive bacterial infection in febrile infants ≤60 days old,"Aronson et al., 2018",Not low risk by Rochester Criteria,"Algorithm, Diagnosis, Prognosis, Rule Out",Unclear,v2_llm_event_counts,model-extracted,Moderate–high,Moderate-high,Count-based,Exact outcome is not separately encoded in every frozen row; verify against source.,384,110,100,25,149,174,0.453125,0.3515625,0.1436781609,0.09925149087,0.2034982683,
360,362,mdcalc:3643,3643,Rockall Score for Upper GI Bleeding (Pre-Endoscopy),https://www.mdcalc.com/calc/3643/rockall-score-upper-gi-bleeding-pre-endoscopy,Rockall Score for Upper GI Bleeding (Pre-Endoscopy),In-hospital mortality in upper gastrointestinal bleeding,"Kılıç et al., 2023",Pre-endoscopy Rockall score >3,Prognosis,Unclear,v2_llm_sens_spec_prev,model-extracted,Moderate,Moderate,Reported sensitivity/specificity,Exact outcome is not separately encoded in every frozen row; verify against source.,592,24,198,7,363,370,0.625,0.05236486486,0.01891891892,0.009193885338,0.03853078083,0.05
361,363,mdcalc:3281,3281,Rome II Diagnostic Criteria for Irritable Bowel Syndrome (IBS),https://www.mdcalc.com/calc/3281/rome-ii-diagnostic-criteria-irritable-bowel-syndrome-ibs,Rome II Diagnostic Criteria for Irritable Bowel Syndrome (IBS),Irritable bowel syndrome,"Ford et al., 2013",Meets Rome II criteria,Diagnosis,Unclear,v2_llm_event_counts,model-extracted,Moderate–high,Moderate-high,Count-based,Exact outcome is not separately encoded in every frozen row; verify against source.,1864,341,420,37,1066,1103,0.5917381974,0.2027896996,0.03354487761,0.02443354314,0.0458940166,0.05
362,364,mdcalc:3165,3165,Rome III Diagnostic Criteria for Irritable Bowel Syndrome (IBS),https://www.mdcalc.com/calc/3165/rome-iii-diagnostic-criteria-irritable-bowel-syndrome-ibs,Rome III Diagnostic Criteria for Irritable Bowel Syndrome (IBS),Irritable bowel syndrome,"Ford et al., 2013",Meets Rome III criteria,Diagnosis,Unclear,v2_llm_event_counts,model-extracted,Moderate–high,Moderate-high,Count-based,Exact outcome is not separately encoded in every frozen row; verify against source.,1848,251,304,114,1179,1293,0.6996753247,0.1975108225,0.08816705336,0.07390706738,0.1048668739,0.2
363,365,mdcalc:10002,10002,Rome IV Diagnostic Criteria for Functional Dyspepsia,https://www.mdcalc.com/calc/10002/rome-iv-diagnostic-criteria-functional-dyspepsia,Rome IV Diagnostic Criteria for Functional Dyspepsia,Functional dyspepsia,"Wei et al., 2020",Meets Rome IV criteria for functional dyspepsia,Diagnosis,Unclear,v2_llm_2x2_raw,model-extracted,Moderate,Moderate,Count-based,Exact outcome is not separately encoded in every frozen row; verify against source.,600,132,249,64,155,219,0.365,0.3266666667,0.2922374429,0.2359996233,0.3556383041,
364,366,mdcalc:4007,4007,Rome IV Diagnostic Criteria for Irritable Bowel Syndrome (IBS),https://www.mdcalc.com/calc/4007/rome-iv-diagnostic-criteria-irritable-bowel-syndrome-ibs,Rome IV Diagnostic Criteria for Irritable Bowel Syndrome (IBS),Irritable Bowel Syndrome,"Black et al., 2021, Comparison of the Rome IV Criteria With the Rome III Criteria for the Diagnosis of Irritable Bowel Syndrome in Secondary Care","Recurrent abdominal pain ≥1 day/week during the previous 3 months, associated with ≥2 of: related to defecation, change in stool frequency, or change in stool form; symptom onset ≥6 months previously",Diagnosis,Unclear,v2_llm_event_counts,model-extracted,High,High,Count-based,Exact outcome is not separately encoded in every frozen row; verify against source.,572,375,20,80,97,177,0.3094405594,0.7954545455,0.4519774011,0.3804538163,0.525541191,
365,367,mdcalc:10288,10288,Roth Score for Hypoxia Screening,https://www.mdcalc.com/calc/10288/roth-score-hypoxia-screening,Roth Score for Hypoxia Screening,Hypoxemia,"ten Broeke et al., 2021, The Roth Score as a Triage Tool for Detecting Hypoxaemia in General Practice: A Diagnostic Validation Study in Patients With Possible COVID-19",Maximum counting number ≤20; hypoxemia defined as room-air SpO₂ <95%,Diagnosis,Unclear,v2_llm_sens_spec_prev,model-extracted,Moderate,Moderate,Reported sensitivity/specificity,Exact outcome is not separately encoded in every frozen row; verify against source.,105,14,20,1,70,71,0.6761904762,0.1428571429,0.01408450704,0.002490603271,0.0755605052,0.1
366,368,mdcalc:10302,10302,ROX Index for Intubation after HFNC,https://www.mdcalc.com/calc/10302/rox-index-intubation-hfnc,ROX Index for Intubation after HFNC,HFNC Failure Requiring Intubation,"Roca et al., 2019, An Index Combining Respiratory Rate and Oxygenation to Predict Outcome of Nasal High-Flow Therapy",ROX Index <4.88 at 6 hours after HFNC initiation,Prognosis,Unclear,v2_llm_2x2_raw,model-extracted,High,High,Count-based,Exact outcome is not separately encoded in every frozen row; verify against source.,191,57,61,11,62,73,0.3821989529,0.3560209424,0.1506849315,0.08627676664,0.2500190197,
367,369,mdcalc:3808,3808,Seattle Heart Failure Model,https://www.mdcalc.com/calc/3808/seattle-heart-failure-model,Seattle Heart Failure Model,Heart failure—1-year mortality,"Hussain et al., 2014, Validation of the Seattle Heart Failure Model in Heart Failure Population",Predicted 1-year mortality ≥20%,Prognosis,Unclear,v1_raw,human-extracted,Moderate,Moderate,Count-based,Exact outcome is not separately encoded in every frozen row; verify against source.,118,25,26,3,64,67,0.5677966102,0.2372881356,0.0447761194,0.01534397512,0.1235783309,0.2
368,370,mdcalc:10301,10301,Sepsis-Induced Coagulopathy (SIC) Score,https://www.mdcalc.com/calc/10301/sepsis-induced-coagulopathy-sic-score,Sepsis-Induced Coagulopathy (SIC) Score,Sepsis/septic shock—28-day mortality,"Quy et al., 2026, Sepsis-Induced Coagulopathy and Its Association With Mortality in Patients With Sepsis and Septic Shock",SIC score ≥4,Prognosis,Unclear,v2_llm_rounded_metrics,model-extracted,Moderate,Moderate,Metric-reconstructed,Exact outcome is not separately encoded in every frozen row; verify against source.,340,87,129,30,94,124,0.3647058824,0.3441176471,0.2419354839,0.175049967,0.3243299635,
369,371,mdcalc:691,691,Sequential Organ Failure Assessment (SOFA) Score,https://www.mdcalc.com/calc/691/sequential-organ-failure-assessment-sofa-score,Sequential Organ Failure Assessment (SOFA) Score,Acute respiratory distress syndrome—hospital mortality,"Dao et al., 2025, Predictive Validity of the Sequential Organ Failure Assessment Score for Mortality in Patients With Acute Respiratory Distress Syndrome in Vietnam",SOFA score ≥10,"Diagnosis, Prognosis",Unclear,v2_llm_sens_spec_prev,model-extracted,Moderate,Moderate,Reported sensitivity/specificity,Exact outcome is not separately encoded in every frozen row; verify against source.,335,125,47,81,82,163,0.4865671642,0.6149253731,0.4969325153,0.4211352328,0.5728710531,
370,372,mdcalc:10648,10648,Sequential Organ Failure Assessment (SOFA)-2 Score,https://www.mdcalc.com/calc/10648/sequential-organ-failure-assessment-sofa-2-score,Sequential Organ Failure Assessment (SOFA)-2 Score,Suspected infection—28-day mortality,"Qin et al., 2026, A Comparative Evaluation of SIRS, NEWS2, SOFA, and the Novel SOFA-2 Score for Sepsis Classification Agreement and Outcome Prediction",SOFA-2 score ≥5,Prognosis,Unclear,v2_llm_sens_spec_prev,model-extracted,Moderate,Moderate,Reported sensitivity/specificity,Exact outcome is not separately encoded in every frozen row; verify against source.,516,36,51,13,416,429,0.8313953488,0.09496124031,0.0303030303,0.01779327442,0.0511498876,0.1
371,373,mdcalc:3096,3096,Serum Ascites Albumin Gradient (SAAG),https://www.mdcalc.com/calc/3096/serum-ascites-albumin-gradient-saag,Serum Ascites Albumin Gradient (SAAG),Portal hypertension-related ascites,"Khan et al., 2021, Comparison of Diagnostic Accuracy of Serum Ascitic Albumin Gradient (SAAG) With Ascitic Fluid Total Protein Differentiating Portal Hypertension From Non-Portal Hypertension in Patients With Ascites",SAAG >1.1 g/dL,Formula,Unclear,v1_raw,human-extracted,Moderate,Moderate,Count-based,Exact outcome is not separately encoded in every frozen row; verify against source.,115,78,6,13,18,31,0.2695652174,0.7913043478,0.4193548387,0.2641554307,0.592337375,
372,374,mdcalc:91,91,Serum Osmolality/Osmolarity,https://www.mdcalc.com/calc/91/serum-osmolality-osmolarity,Serum Osmolality/Osmolarity,Hyperosmolar dehydration,"Munk et al., 2021",Calculated osmolarity >295 mOsm/L; measured osmolality >300 mOsm/kg,Formula,Unclear,v2_llm_rounded_metrics,model-extracted,Moderate,Moderate,Metric-reconstructed,Exact outcome is not separately encoded in every frozen row; verify against source.,90,9,26,1,54,55,0.6111111111,0.1111111111,0.01818181818,0.003216780455,0.09605776062,0.1
373,375,mdcalc:10487,10487,SETscore,https://www.mdcalc.com/calc/10487/setscore,SETscore,Tracheostomy requirement after mechanical ventilation for acute stroke,"Alsherbini et al., 2019",SETscore >10,Prognosis,Unclear,v2_llm_sens_spec_prev,model-extracted,Moderate,Moderate,Reported sensitivity/specificity,Exact outcome is not separately encoded in every frozen row; verify against source.,245,113,45,27,60,87,0.3551020408,0.5714285714,0.3103448276,0.2228915514,0.4138381926,
374,376,mdcalc:10280,10280,Severe Community-Acquired Pneumonia (SCAP) Score,https://www.mdcalc.com/calc/10280/severe-community-acquired-pneumonia-scap-score,Severe Community-Acquired Pneumonia (SCAP) Score,Severe community-acquired pneumonia,"España et al., 2006",SCAP score ≥10,Diagnosis,Unclear,v2_llm_sens_spec_prev,model-extracted,Moderate,Moderate,Reported sensitivity/specificity,Exact outcome is not separately encoded in every frozen row; verify against source.,1121,112,392,21,596,617,0.5504014273,0.1186440678,0.0340356564,0.02236750416,0.05147012084,0.1
375,377,mdcalc:10639,10639,Severity-of-Illness Score for Toxic Epidermal Necrolysis (SCORTEN),https://www.mdcalc.com/calc/10639/severity-illness-score-toxic-epidermal-necrolysis-scorten,Severity-of-Illness Score for Toxic Epidermal Necrolysis (SCORTEN),In-hospital mortality from toxic epidermal necrolysis,"Strużyna et al., 2022",SCORTEN >4,Prognosis,Unclear,v2_llm_sens_spec_prev,model-extracted,Low,Low,Reported sensitivity/specificity,Exact outcome is not separately encoded in every frozen row; verify against source.,24,3,16,0,5,5,0.2083333333,0.125,0,0,0.4344824648,
376,378,mdcalc:1732,1732,Sgarbossa's Criteria for MI in Left Bundle Branch Block,https://www.mdcalc.com/calc/1732/sgarbossas-criteria-mi-left-bundle-branch-block,Sgarbossa's Criteria for MI in Left Bundle Branch Block,Acute coronary occlusion with left bundle branch block,"Meyers et al., 2015",Original weighted Sgarbossa score ≥3,Diagnosis,Unclear,v2_llm_sens_spec_prev,model-extracted,Moderate,Moderate,Reported sensitivity/specificity,Exact outcome is not separately encoded in every frozen row; verify against source.,294,22,0,23,249,272,0.925170068,0.1530612245,0.08455882353,0.05700536522,0.1236834226,0.2
377,379,mdcalc:10513,10513,Shapiro Rule,https://www.mdcalc.com/calc/10513/shapiro-rule,Shapiro Rule,Bacteraemia,"Hodgson et al., 2016",Shapiro score ≥2,Rule Out,Unclear,v2_llm_sens_spec_prev,model-extracted,Moderate,Moderate,Reported sensitivity/specificity,Exact outcome is not separately encoded in every frozen row; verify against source.,200,97,63,3,37,40,0.2,0.5,0.075,0.02583602577,0.1986423352,0.2
378,380,mdcalc:1316,1316,Shock Index,https://www.mdcalc.com/calc/1316/shock-index,Shock Index,Critical transfusion requirement after penetrating thoracic trauma,"Barbosa Rengifo et al., 2024",Shock Index >0.9,Diagnosis,Unclear,v2_llm_sens_spec_prev,model-extracted,Moderate,Moderate,Reported sensitivity/specificity,Exact outcome is not separately encoded in every frozen row; verify against source.,620,38,113,15,454,469,0.7564516129,0.08548387097,0.03198294243,0.01947622965,0.05209418405,0.1
379,381,mdcalc:10058,10058,"Shock Index, Pediatric Age-Adjusted (SIPA)",https://www.mdcalc.com/calc/10058/shock-index-pediatric-age-adjusted-sipa,"Shock Index, Pediatric Age-Adjusted (SIPA)",In-hospital mortality after severe pediatric trauma,"Lammers et al., 2021","Elevated SIPA: >1.2 (ages 1–6), >1.0 (ages 7–12), or >0.9 (ages 13–17)","Diagnosis, Prognosis",Unclear,v2_llm_rounded_metrics,model-extracted,Low,Low,Metric-reconstructed,Exact outcome is not separately encoded in every frozen row; verify against source.,10389,536,2808,430,6615,7045,0.6781210896,0.09298296275,0.06103619588,0.05568164752,0.0668691949,0.1
380,382,mdcalc:3962,3962,Shorr Score for MRSA Pneumonia,https://www.mdcalc.com/calc/3962/shorr-score-mrsa-pneumonia,Shorr Score for MRSA Pneumonia,MRSA pneumonia,"Minejima et al., 2014",>1 point,Prognosis,Unclear,v2_llm_event_counts,model-extracted,Moderate–High,Moderate-high,Count-based,Exact outcome is not separately encoded in every frozen row; verify against source.,268,125,60,9,74,83,0.3097014925,0.5,0.1084337349,0.05810491519,0.1934046646,0.2
381,383,mdcalc:4013,4013,Short Michigan Alcoholism Screening Test (SMAST),https://www.mdcalc.com/calc/4013/short-michigan-alcoholism-screening-test,Short Michigan Alcoholism Screening Test (SMAST),Alcohol use disorder,"Nanakorn et al., 2000",SMAST-T ≥4,Diagnosis,Unclear,v2_llm_sens_spec_prev,model-extracted,Moderate,Moderate,Reported sensitivity/specificity,Exact outcome is not separately encoded in every frozen row; verify against source.,122,59,3,2,58,60,0.4918032787,0.5,0.03333333333,0.009189319256,0.1136377427,0.2
382,384,mdcalc:3817,3817,Simon Broome Diagnostic Criteria for Familial Hypercholesterolemia (FH),https://www.mdcalc.com/calc/3817/simon-broome-diagnostic-criteria-familial-hypercholesterolemia-fh,Simon Broome Diagnostic Criteria for Familial Hypercholesterolemia (FH),Familial hypercholesterolemia,"Abdul-Razak et al., 2017",Definite or possible FH versus no FH,Diagnosis,Unclear,v2_llm_event_counts,model-extracted,Moderate–High,Moderate-high,Count-based,Exact outcome is not separately encoded in every frozen row; verify against source.,755,212,4,203,336,539,0.7139072848,0.5496688742,0.3766233766,0.3367265195,0.4182664019,
383,385,mdcalc:2194,2194,Simple Disease Activity Index (SDAI) for Rheumatoid Arthritis,https://www.mdcalc.com/calc/2194/simple-disease-activity-index-sdai-rheumatoid-arthritis,Simple Disease Activity Index (SDAI) for Rheumatoid Arthritis,Rheumatoid arthritis remission by ACR/EULAR Boolean criteria,"Rintelen et al., 2013",SDAI ≤3.3,Prognosis,Unclear,v2_llm_event_counts,model-extracted,Moderate–High,Moderate-high,Count-based,Exact outcome is not separately encoded in every frozen row; verify against source.,705,87,82,2,534,536,0.7602836879,0.1262411348,0.003731343284,0.001023866022,0.01350161862,0.02
384,386,mdcalc:10403,10403,Simplified Acute Physiology Score (SAPS) 3,https://www.mdcalc.com/calc/10403/simplified-acute-physiology-score-saps-3,Simplified Acute Physiology Score (SAPS) 3,In-hospital mortality,"Kassam et al., 2021",SAPS 3 ≥54,Prognosis,Unclear,v2_llm_rounded_metrics,model-extracted,Low,Low,Metric-reconstructed,Exact outcome is not separately encoded in every frozen row; verify against source.,331,38,28,15,250,265,0.8006042296,0.1601208459,0.05660377358,0.03459923673,0.09127963243,0.1
385,387,mdcalc:4044,4044,Simplified Acute Physiology Score (SAPS) II,https://www.mdcalc.com/calc/4044/simplified-acute-physiology-score-saps-ii,Simplified Acute Physiology Score (SAPS) II,In-hospital mortality in ICU patients with STEMI,"Wang et al., 2021",SAPS II ≥37,Prognosis,Unclear,v2_llm_sens_spec_prev,model-extracted,Moderate,Moderate,Reported sensitivity/specificity,Exact outcome is not separately encoded in every frozen row; verify against source.,522,93,107,11,311,322,0.6168582375,0.1992337165,0.03416149068,0.019180397,0.0601264503,0.1
386,388,mdcalc:3112,3112,Simplified Autoimmune Hepatitis (AIH) Score,https://www.mdcalc.com/calc/3112/simplified-autoimmune-hepatitis-aih-score,Simplified Autoimmune Hepatitis (AIH) Score,Autoimmune hepatitis,"Arcos-Machancoses et al., 2018",Score ≥6,"Diagnosis, Rule Out",Unclear,v2_llm_sens_spec_prev,model-extracted,Moderate,Moderate,Reported sensitivity/specificity,Exact outcome is not separately encoded in every frozen row; verify against source.,212,72,4,28,108,136,0.641509434,0.4716981132,0.2058823529,0.1464599711,0.281463617,
387,389,mdcalc:1832,1832,Simplified Motor Score (SMS),https://www.mdcalc.com/calc/1832/simplified-motor-score-sms,Simplified Motor Score (SMS),Mortality following traumatic brain injury,"Buitendag et al., 2018",SMS <2,"Diagnosis, Prognosis",Unclear,v2_llm_event_counts,model-extracted,Moderate–High,Moderate-high,Count-based,Exact outcome is not separately encoded in every frozen row; verify against source.,830,60,179,11,580,591,0.7120481928,0.08554216867,0.01861252115,0.0104241269,0.03301847186,0.05
388,390,mdcalc:1247,1247,Simplified PESI (Pulmonary Embolism Severity Index),https://www.mdcalc.com/calc/1247/simplified-pesi-pulmonary-embolism-severity-index,Simplified PESI (Pulmonary Embolism Severity Index),30-day mortality after acute pulmonary embolism,"Yamashita et al., 2020",sPESI ≥1,Prognosis,Unclear,v2_llm_event_counts,model-extracted,Moderate–High,Moderate-high,Count-based,Exact outcome is not separately encoded in every frozen row; verify against source.,1715,108,1224,2,381,383,0.2233236152,0.06413994169,0.005221932115,0.001433212162,0.01883725948,0.02
389,391,mdcalc:1096,1096,"SIRS, Sepsis, and Septic Shock Criteria",https://www.mdcalc.com/calc/1096/sirs-sepsis-septic-shock-criteria,"SIRS, Sepsis, and Septic Shock Criteria",In-hospital mortality among ICU patients with suspected infection,"Raith et al., 2017",≥2 SIRS criteria,Diagnosis,Unclear,v2_llm_event_counts,model-extracted,High,High,Count-based,Exact outcome is not separately encoded in every frozen row; verify against source.,182974,31648,127062,2387,21877,24264,0.1326090046,0.1860100342,0.09837619519,0.09469217438,0.1021873654,0.2
390,392,mdcalc:10034,10034,SLICC Criteria for Systemic Lupus Erythematosus (SLE) 2012,https://www.mdcalc.com/calc/10034/slicc-criteria-systemic-lupus-erythematosus-sle-2012,SLICC Criteria for Systemic Lupus Erythematosus (SLE) 2012,Childhood-onset systemic lupus erythematosus,"Sag et al., 2014","≥4 criteria, including ≥1 clinical and ≥1 immunologic criterion, or biopsy-proven lupus nephritis with ANA/anti-dsDNA",Diagnosis,Unclear,v2_llm_sens_spec_prev,model-extracted,Moderate,Moderate,Reported sensitivity/specificity,Exact outcome is not separately encoded in every frozen row; verify against source.,277,152,18,2,105,107,0.3862815884,0.5559566787,0.01869158879,0.005140964836,0.06560385307,0.1
391,393,mdcalc:3914,3914,SMART-COP Score for Pneumonia Severity,https://www.mdcalc.com/calc/3914/smart-cop-score-pneumonia-severity,SMART-COP Score for Pneumonia Severity,Need for intensive respiratory or vasopressor support in community-acquired pneumonia,"Fatima et al., 2026",SMART-COP >3,Prognosis,Unclear,v2_llm_sens_spec_prev,model-extracted,Moderate,Moderate,Reported sensitivity/specificity,Exact outcome is not separately encoded in every frozen row; verify against source.,209,81,89,5,34,39,0.1866028708,0.4114832536,0.1282051282,0.05602817537,0.2670574338,
392,394,mdcalc:4057,4057,Mayo SPN Malignancy Risk Score,https://www.mdcalc.com/calc/4057/solitary-pulmonary-nodule-spn-malignancy-risk-score-mayo-clinic-model,Solitary Pulmonary Nodule (SPN) Malignancy Risk Score (Mayo Clinic Model),Malignancy in a solid pulmonary nodule,"Susam et al., 2022",Predicted malignancy risk >29.6%,Diagnosis,Unclear,v2_llm_2x2_raw,model-extracted,High,High,Count-based,Exact outcome is not separately encoded in every frozen row; verify against source.,305,153,27,69,56,125,0.4098360656,0.7278688525,0.552,0.4645681036,0.6363310955,
393,395,mdcalc:10554,10554,Spanish Network on Mastocytosis (REMA) Score,https://www.mdcalc.com/calc/10554/spanish-network-mastocytosis-rema-score,Spanish Network on Mastocytosis (REMA) Score,Systemic mastocytosis,"Alvarez-Twose et al., 2012 — prospective validation",≥2,"Diagnosis, Prognosis",Unclear,v2_llm_rounded_metrics,model-extracted,Low,Low,Metric-reconstructed,Exact outcome is not separately encoded in every frozen row; verify against source.,158,70,21,10,57,67,0.4240506329,0.5063291139,0.1492537313,0.08314273434,0.2534039605,
394,396,mdcalc:10548,10548,Spinal Instability Neoplastic Scale (SINS) Score,https://www.mdcalc.com/calc/10548/spinal-instability-neoplastic-scale-sins-score,Spinal Instability Neoplastic Scale (SINS) Score,Neoplastic spinal instability,"Fourney et al., 2011 — validity study involving 30 spinal-tumor cases",≥7,Prognosis,Unclear,v1_raw,human-extracted,High,High,Count-based,Exact outcome is not separately encoded in every frozen row; verify against source.,803,563,44,25,171,196,0.2440846824,0.7322540473,0.1275510204,0.08790899775,0.1815118679,0.2
395,397,mdcalc:10570,10570,SpO₂/FiO₂ Ratio,https://www.mdcalc.com/calc/10570/spo2-fio2-ratio,SpO₂/FiO₂ Ratio,Acute respiratory distress syndrome,"Rice et al., 2007 — external validation dataset","≤235, predicting PaO₂/FiO₂ ≤200",Prognosis,Unclear,v2_llm_event_counts,model-extracted,High,High,Count-based,Exact outcome is not separately encoded in every frozen row; verify against source.,2031,1257,84,218,472,690,0.3397341211,0.7262432299,0.315942029,0.2823546619,0.351567473,
396,398,mdcalc:10613,10613,Steatosis-Associated Fibrosis Estimator (SAFE) Score,https://www.mdcalc.com/calc/10613/steatosis-associated-fibrosis-estimator-SAFE-score,Steatosis-Associated Fibrosis Estimator (SAFE) Score,Clinically significant liver fibrosis (≥F2) in MASLD,"Kim et al., Steatosis-Associated Fibrosis Estimator Score in Asian Patients With Metabolic Dysfunction-Associated Steatotic Liver Disease",SAFE score ≥100,Prognosis,Unclear,v2_llm_sens_spec_prev,model-extracted,Moderate,Moderate,Reported sensitivity/specificity,Exact outcome is not separately encoded in every frozen row; verify against source.,492,126,64,68,234,302,0.6138211382,0.3943089431,0.2251655629,0.1816786565,0.2755564723,
397,399,mdcalc:1801,1801,Step-by-Step Approach to Febrile Infants,https://www.mdcalc.com/calc/1801/step-step-approach-febrile-infants,Step-by-Step Approach to Febrile Infants,Invasive bacterial infection,"Gomez et al., Validation of the “Step-by-Step” Approach in the Management of Young Febrile Infants",Rule-positive: not classified as low risk by the complete Step-by-Step algorithm,"Algorithm, Diagnosis, Prognosis",Unclear,v2_llm_event_counts,model-extracted,High,High,Count-based,Exact outcome is not separately encoded in every frozen row; verify against source.,2185,80,1114,7,984,991,0.4535469108,0.03981693364,0.007063572149,0.003425736498,0.01450823546,0.02
398,400,mdcalc:2044,2044,STONE Nephrolithometry Score,https://www.mdcalc.com/calc/2044/stone-nephrolithometry-score-renal-calculi,S.T.O.N.E. Nephrolithometry Score for Renal Calculi,Stone-free status after percutaneous nephrolithotomy,"Oka et al., Validity S.T.O.N.E. Nephrolithometry Scoring to Predict Stone-Free Status in Kidney Stone Patients After Percutaneous Nephrolithotomy",S.T.O.N.E. score <9 predicts stone-free status,Prognosis,Unclear,v2_llm_sens_spec_prev,model-extracted,Moderate,Moderate,Reported sensitivity/specificity,Exact outcome is not separately encoded in every frozen row; verify against source.,50,20,5,13,12,25,0.5,0.66,0.52,0.3349851695,0.6996871405,
399,401,mdcalc:10110,10110,STONE Score for Uncomplicated Ureteral Stone,https://www.mdcalc.com/calc/10110/stone-score-uncomplicated-ureteral-stone,STONE Score for Uncomplicated Ureteral Stone,Ureteral stone on CT,"Wang et al., External Validation of the STONE Score, a Clinical Prediction Rule for Ureteral Stone: An Observational Multi-institutional Study",High-risk STONE score: 10–13,Diagnosis,Unclear,v2_llm_event_counts,model-extracted,High,High,Count-based,Exact outcome is not separately encoded in every frozen row; verify against source.,845,176,66,155,448,603,0.7136094675,0.3917159763,0.2570480929,0.2237825769,0.293389502,
400,402,mdcalc:3992,3992,STOP-BANG Score for Obstructive Sleep Apnea,https://www.mdcalc.com/calc/3992/stop-bang-score-obstructive-sleep-apnea,STOP-BANG Score for Obstructive Sleep Apnea,Obstructive sleep apnea (AHI ≥5 events/hour),"Popević et al., Screening Commercial Drivers for Obstructive Sleep Apnea: Validation of STOP-Bang Questionnaire",STOP-BANG score ≥3,Diagnosis,Unclear,v2_llm_event_counts,model-extracted,Moderate,Moderate,Count-based,Exact outcome is not separately encoded in every frozen row; verify against source.,100,49,20,8,23,31,0.31,0.57,0.2580645161,0.1370170591,0.4324613581,
401,403,mdcalc:10468,10468,STUMBL/Battle Score,https://www.mdcalc.com/calc/10468/stumbl-battle-score,STUMBL/Battle Score,Complications following blunt chest-wall trauma,"Callisto et al., The Clinical Effectiveness of the STUMBL Score for the Management of ED Patients With Blunt Chest Trauma Compared to Clinical Evaluation Alone",STUMBL score ≥11,Prognosis,Unclear,v2_llm_sens_spec_prev,model-extracted,Moderate,Moderate,Reported sensitivity/specificity,Exact outcome is not separately encoded in every frozen row; verify against source.,369,49,68,13,239,252,0.6829268293,0.1680216802,0.05158730159,0.03039251236,0.08624792175,0.1
402,404,mdcalc:10085,10085,Subaxial Injury Classification and Severity Scale (SLICS),https://www.mdcalc.com/calc/10085/subaxial-injury-classification-severity-scale-slics,Subaxial Injury Classification and Severity Scale (SLICS),Surgical treatment of pediatric subaxial cervical-spine injury,"Piazza et al., Validation of the Subaxial Cervical Spine Injury Classification Score in Children: A Single-Institution Experience at a Level 1 Pediatric Trauma Center",Operative recommendation: SLICS ≥5,"Diagnosis, Prognosis, Treatment",Unclear,v2_llm_event_counts,model-extracted,Moderate,Moderate,Count-based,Exact outcome is not separately encoded in every frozen row; verify against source.,229,19,8,5,197,202,0.8820960699,0.1048034934,0.02475247525,0.01061807693,0.05662522235,0.1
403,405,mdcalc:10079,10079,Subtle Anterior STEMI Calculator (4-Variable),https://www.mdcalc.com/calc/10079/subtle-anterior-stemi-calculator-4-variable,Subtle Anterior STEMI Calculator (4-Variable),Subtle anterior STEMI versus benign-variant ST elevation,"Bozbeyoğlu et al., A Tale of Two Formulas: Differentiation of Subtle Anterior MI From Benign ST-Segment Elevation",Four-variable score ≥18.2,"Diagnosis, Formula",Unclear,v2_llm_sens_spec_prev,model-extracted,Moderate,Moderate,Reported sensitivity/specificity,Exact outcome is not separately encoded in every frozen row; verify against source.,334,115,24,23,172,195,0.5838323353,0.4131736527,0.1179487179,0.07989412293,0.1707651667,0.2
404,406,mdcalc:1826,1826,Surgical Apgar Score (SAS) for Postoperative Risk,https://www.mdcalc.com/calc/1826/surgical-apgar-score-sas-postoperative-risk,Surgical Apgar Score (SAS) for Postoperative Risk,Major postoperative complication or death within 30 days,"Santos et al., Validation of the Surgical APGAR Score Among Patients Undergoing General Surgical Procedures, 2011",SAS ≤4,Prognosis,Unclear,v2_llm_event_counts,model-extracted,Low,Low,Count-based,Exact outcome is not separately encoded in every frozen row; verify against source.,80,6,5,4,65,69,0.8625,0.125,0.05797101449,0.02277238888,0.1397924336,0.2
405,407,mdcalc:10531,10531,Swede Score,https://www.mdcalc.com/calc/10531/swede-score,Swede Score,Cervical intraepithelial neoplasia grade 2 or worse (CIN2+),"Ranga et al., A Comparison of the Strength of Association of Reid Colposcopic Index and Swede Score With Cervical Histology, 2017",Swede Score ≥5,Prognosis,Unclear,v1_raw,human-extracted,Moderate,Moderate,Count-based,Exact outcome is not separately encoded in every frozen row; verify against source.,119,33,10,0,76,76,0.6386554622,0.2773109244,0,0,0.04811358507,0.05
406,408,mdcalc:10499,10499,Systematic Coronary Risk Evaluation 2 (SCORE2),https://www.mdcalc.com/calc/10499/systematic-coronary-risk-evaluation-score2,Systematic Coronary Risk Evaluation 2 (SCORE2),Fatal or nonfatal cardiovascular event within 10 years,"Maung et al., Validation of the European SCORE2 Algorithm in One European and One Latin-American Cohort Studies With Contrasting Populations, 2026 — Mexico City cohort",High-to-very-high risk: SCORE2 ≥2.5% for age <50 years or ≥5% for age 50–69 years,Prognosis,Cohort/consecutive,v2_llm_2x2_raw,model-extracted,High,High,Count-based,Exact outcome is not separately encoded in every frozen row; verify against source.,95660,1750,53574,291,40045,40336,0.421660046,0.0213359816,0.007214399048,0.006434129076,0.008088522418,0.01
407,409,mdcalc:1236,1236,TASH Score (Trauma Associated Severe Hemorrhage),https://www.mdcalc.com/calc/1236/tash-score-trauma-associated-severe-hemorrhage,TASH Score (Trauma Associated Severe Hemorrhage),Massive transfusion following major trauma,"Mitra et al., Predicting Massive Blood Transfusion Using Clinical Scores Post-Trauma, 2012; counts reproduced in the NICE evidence appendix",TASH ≥18; massive transfusion defined as ≥5 units of packed red blood cells within 4 hours,"Prognosis, Treatment",Unclear,v2_llm_2x2_raw,model-extracted,Moderate,Moderate,Count-based,Exact outcome is not separately encoded in every frozen row; verify against source.,1234,49,2,146,1037,1183,0.9586709887,0.1580226904,0.1234150465,0.1058817433,0.1433861404,0.2
408,410,mdcalc:10440,10440,Testicular Workup for Ischemia and Suspected Torsion (TWIST),https://www.mdcalc.com/calc/10440/testicular-workup-ischemia-suspected-torsion-twist,Testicular Workup for Ischemia and Suspected Torsion (TWIST),Testicular torsion in children presenting with acute scrotum,"Pan, Validation of the Testicular Workup for Ischemia and Suspected Torsion (TWIST) Score in the Diagnosis of Testicular Torsion in Children With Acute Scrotum, 2020",TWIST ≥5 (high risk),Diagnosis,Unclear,v2_llm_event_counts,model-extracted,Moderate,Moderate,Count-based,Exact outcome is not separately encoded in every frozen row; verify against source.,96,55,0,13,28,41,0.4270833333,0.7083333333,0.3170731707,0.195646139,0.4698419964,
409,411,mdcalc:10524,10524,SCOFF Questionnaire,https://www.mdcalc.com/calc/10524/sick-control-one-fat-food-scoff-questionnaire,"Sick, Control, One, Fat, Food (SCOFF) Questionnaire",Current eating disorder,"Lähteenmäki et al., 2009—Finnish young-adult validation",≥2 positive answers,Prognosis,Unclear,v2_llm_sens_spec_prev,model-extracted,Moderate,Moderate,Reported sensitivity/specificity,Exact outcome is not separately encoded in every frozen row; verify against source.,541,7,66,2,466,468,0.865064695,0.01663585952,0.004273504274,0.001172732383,0.01544610997,0.02
410,412,mdcalc:99,99,TIMI Risk Score for STEMI,https://www.mdcalc.com/calc/99/timi-risk-score-stemi,TIMI Risk Score for STEMI,In-hospital mortality following STEMI,"Furnaz et al., 2019—external validation in elderly women with STEMI",≥6 points,"Prognosis, Rule Out",Unclear,v2_llm_event_counts,model-extracted,Moderate,Moderate,Count-based,Exact outcome is not separately encoded in every frozen row; verify against source.,404,18,145,8,233,241,0.5965346535,0.06435643564,0.03319502075,0.01691458894,0.0641233975,0.1
411,413,mdcalc:111,111,TIMI Risk Score for UA/NSTEMI,https://www.mdcalc.com/calc/111/timi-risk-score-ua-nstemi,TIMI Risk Score for UA/NSTEMI,Six-week major adverse cardiac event (MACE),"Nasr Isfahani et al., 2025—prospective external comparison of chest-pain risk scores",≥2 points,"Prognosis, Rule Out",Unclear,v2_llm_sens_spec_prev,model-extracted,Moderate,Moderate,Reported sensitivity/specificity,Exact outcome is not separately encoded in every frozen row; verify against source.,274,67,151,1,55,56,0.204379562,0.2481751825,0.01785714286,0.003159210342,0.09445637149,0.1
412,414,mdcalc:10293,10293,Tisdale Risk Score for QT Prolongation,https://www.mdcalc.com/calc/10293/tisdale-risk-score-qt-prolongation,Tisdale Risk Score for QT Prolongation,QTc >500 ms or increase ≥60 ms from baseline,"Su et al., 2020—medical ICU external validation",≥7 points (moderate/high risk),Prognosis,Unclear,v1_raw,human-extracted,Moderate,Moderate,Count-based,Exact outcome is not separately encoded in every frozen row; verify against source.,264,88,145,3,28,31,0.1174242424,0.3446969697,0.09677419355,0.03346464416,0.2489993844,
413,415,mdcalc:10130,10130,Tokyo Guidelines for Acute Cholecystitis 2018,https://www.mdcalc.com/calc/10130/tokyo-guidelines-acute-cholecystitis-2018,Tokyo Guidelines for Acute Cholecystitis 2018,Histopathologically confirmed acute cholecystitis,"Naidu et al., 2016",Definite diagnosis: ≥1 local inflammatory sign + ≥1 systemic inflammatory sign + characteristic imaging,Diagnosis,Unclear,v2_llm_sens_spec_prev,model-extracted,Moderate,Moderate,Reported sensitivity/specificity,Exact outcome is not separately encoded in every frozen row; verify against source.,169,74,50,15,30,45,0.2662721893,0.5266272189,0.3333333333,0.2135887493,0.4792951169,
414,416,mdcalc:10624,10624,Trimethoprim-Sulfamethoxazole Allergy Decision Rule (SULF-FAST),https://www.mdcalc.com/calc/10624/trimethoprim-sulfamethoxazole-allergy-decision-rule-sulf-fast,Trimethoprim-Sulfamethoxazole Allergy Decision Rule (SULF-FAST),Confirmed sulfonamide-antibiotic allergy,"Stehlin et al., 2025",SULF-FAST ≥3,Prognosis,Unclear,v2_llm_event_counts,model-extracted,Moderate–high,Moderate-high,Count-based,Exact outcome is not separately encoded in every frozen row; verify against source.,125,9,12,4,100,104,0.832,0.104,0.03846153846,0.01505681334,0.09474751377,0.1
415,417,mdcalc:3942,3942,Troponin-only Manchester Acute Coronary Syndromes (T-MACS) Decision Aid,https://www.mdcalc.com/calc/3942/troponin-manchester-acute-coronary-syndromes-t-macs-decision-aid,Troponin-only Manchester Acute Coronary Syndromes (T-MACS) Decision Aid,Acute myocardial infarction within 30 days,"Greenslade et al., 2017",T-MACS risk ≥2% (test positive); <2% very low risk,"Diagnosis, Rule Out",Unclear,v2_llm_event_counts,model-extracted,Moderate–high,Moderate-high,Count-based,Exact outcome is not separately encoded in every frozen row; verify against source.,1244,113,885,1,245,246,0.1977491961,0.09163987138,0.00406504065,0.000717940264,0.02266272221,0.05
416,418,mdcalc:10395,10395,Ulcerative Colitis Endoscopic Index of Severity (UCEIS),https://www.mdcalc.com/calc/10395/ulcerative-colitis-endoscopic-index-of-severity-uceis,Ulcerative Colitis Endoscopic Index of Severity (UCEIS),Colectomy during admission or follow-up for acute severe ulcerative colitis,"Xie et al., 2018",UCEIS ≥7,Prognosis,Unclear,v2_llm_event_counts,model-extracted,Moderate,Moderate,Count-based,Exact outcome is not separately encoded in every frozen row; verify against source.,92,20,5,17,50,67,0.7282608696,0.402173913,0.2537313433,0.1648791382,0.3692919454,
417,419,mdcalc:1856,1856,Vancouver Chest Pain Rule,https://www.mdcalc.com/calc/1856/vancouver-chest-pain-rule,Vancouver Chest Pain Rule,"30-day adverse cardiac event, including angioplasty or coronary artery bypass surgery","Ong et al., Validation of the New Vancouver Chest Pain Rule in Asian Chest Pain Patients Presenting at the Emergency Department (2017)",Rule-positive/not suitable for early discharge versus rule-negative/suitable for early discharge,"Diagnosis, Rule Out",Unclear,v2_llm_event_counts,model-extracted,Moderate–high,Moderate-high,Count-based,Exact outcome is not separately encoded in every frozen row; verify against source.,1690,132,897,37,624,661,0.3911242604,0.1,0.05597579425,0.04088049297,0.07620224576,0.1
418,420,mdcalc:3317,3317,VBAC Risk Score for Successful Vaginal Delivery (Flamm Model),https://www.mdcalc.com/calc/3317/vbac-risk-score-successful-vaginal-delivery-flamm-model,VBAC Risk Score for Successful Vaginal Delivery (Flamm Model),Successful vaginal birth after cesarean delivery,"Balcha et al., Factors Associated with Successful Vaginal Birth After One Lower Uterine Transverse Cesarean Section Delivery (2023)",Flamm and Geiger score >5,Prognosis,Unclear,v2_llm_sens_spec_prev,model-extracted,Moderate,Moderate,Reported sensitivity/specificity,Exact outcome is not separately encoded in every frozen row; verify against source.,345,89,30,32,194,226,0.6550724638,0.3507246377,0.1415929204,0.1021154087,0.1930509167,0.2
419,421,mdcalc:10125,10125,Villalta Score for Post-thrombotic Syndrome (PTS),https://www.mdcalc.com/calc/10125/villalta-score-post-thrombotic-syndrome-pts,Villalta Score for Post-thrombotic Syndrome (PTS),Post-thrombotic syndrome following DVT,"Ning et al., Biases of Villalta Scale in Classifying Post-thrombotic Syndrome in Patients with Pre-existing Chronic Venous Disease (2020)",Villalta score ≥5 plus history of DVT,Diagnosis,Unclear,v1_raw,human-extracted,Moderate,Moderate,Count-based,Exact outcome is not separately encoded in every frozen row; verify against source.,288,15,11,6,256,262,0.9097222222,0.07291666667,0.02290076336,0.01053690938,0.04905296381,0.05
420,422,mdcalc:10470,10470,VIRSTA Score,https://www.mdcalc.com/calc/10470/virsta-score,VIRSTA Score,Definite infective endocarditis in patients with Staphylococcus aureus bacteremia,"van der Vaart et al., Prediction Rules for Ruling Out Endocarditis in Patients With Staphylococcus aureus Bacteremia (2022)",VIRSTA score ≥3,Prognosis,Unclear,v2_llm_sens_spec_prev,model-extracted,Moderate,Moderate,Reported sensitivity/specificity,Exact outcome is not separately encoded in every frozen row; verify against source.,477,86,252,1,138,139,0.2914046122,0.1823899371,0.007194244604,0.001271091705,0.0396236098,0.05
424,426,mdcalc:3948,3948,EGSYS Syncope Score,https://www.mdcalc.com/calc/3948/egsys-evaluation-guidelines-syncope-study-score-syncope,Delrosso 2008. EGSYS (Evaluation of Guidelines in SYncope Study) Score for Syncope,,,,"Diagnosis, Prognosis",Unclear,,no recorded source,,Not reported,Legacy/no recorded source,Exact outcome is not separately encoded in every frozen row; verify against source.,516,75,170,4,267,271,0.5251937984,0.1531007752,0.0147601476,0.005754510367,0.03733017879,0.05
425,427,mdcalc:10149,10149,El-Ganzouri Risk Index,https://www.mdcalc.com/calc/10149/el-ganzouri-risk-index-egri-difficult-airway,"El-Ganzouri 1996. El-Ganzouri Risk Index (EGRI) for Difficult Airway. Mouth opening <4 cm, Laryngoscopy grade >=3.",,,,Prognosis,Unclear,,no recorded source,,Not reported,Legacy/no recorded source,Exact outcome is not separately encoded in every frozen row; verify against source.,10507,169,506,473,9359,9832,0.9357571143,0.06110212239,0.04810821806,0.04405194801,0.05251746731,0.1
426,428,mdcalc:10149,10149,El-Ganzouri Risk Index,https://www.mdcalc.com/calc/10149/el-ganzouri-risk-index-egri-difficult-airway,"El-Ganzouri 1996. El-Ganzouri Risk Index (EGRI) for Difficult Airway. Mouth opening <4 cm, Laryngoscopy grade 4.",,,,Prognosis,Unclear,,no recorded source,,Not reported,Legacy/no recorded source,Exact outcome is not separately encoded in every frozen row; verify against source.,10507,50,625,57,9775,9832,0.9357571143,0.01018368707,0.005797396257,0.004477683665,0.007503137631,0.01
427,429,mdcalc:10149,10149,El-Ganzouri Risk Index,https://www.mdcalc.com/calc/10149/el-ganzouri-risk-index-egri-difficult-airway,"El-Ganzouri 1996. El-Ganzouri Risk Index (EGRI) for Difficult Airway. Thyromental distance <6 cm, Laryngoscopy grade >=3.",,,,Prognosis,Unclear,,no recorded source,,Not reported,Legacy/no recorded source,Exact outcome is not separately encoded in every frozen row; verify against source.,10507,45,72,597,9793,10390,0.9888645665,0.06110212239,0.05745909528,0.05314573155,0.06209957632,0.1
428,430,mdcalc:10149,10149,El-Ganzouri Risk Index,https://www.mdcalc.com/calc/10149/el-ganzouri-risk-index-egri-difficult-airway,"El-Ganzouri 1996. El-Ganzouri Risk Index (EGRI) for Difficult Airway. Thyromental distance <6 cm, Laryngoscopy grade 4.",,,,Prognosis,Unclear,,no recorded source,,Not reported,Legacy/no recorded source,Exact outcome is not separately encoded in every frozen row; verify against source.,10507,18,99,89,10301,10390,0.9888645665,0.01018368707,0.008565928778,0.006966616757,0.01052849894,0.02
429,431,mdcalc:10149,10149,El-Ganzouri Risk Index,https://www.mdcalc.com/calc/10149/el-ganzouri-risk-index-egri-difficult-airway,"El-Ganzouri 1996. El-Ganzouri Risk Index (EGRI) for Difficult Airway. Mallampati class III, Laryngoscopy grade >=3.",,,,Prognosis,Unclear,,no recorded source,,Not reported,Legacy/no recorded source,Exact outcome is not separately encoded in every frozen row; verify against source.,10507,287,1080,355,8785,9140,0.8698962596,0.06110212239,0.03884026258,0.03506901617,0.04299898862,0.05
430,432,mdcalc:10149,10149,El-Ganzouri Risk Index,https://www.mdcalc.com/calc/10149/el-ganzouri-risk-index-egri-difficult-airway,"El-Ganzouri 1996. El-Ganzouri Risk Index (EGRI) for Difficult Airway. Mallampati class III, Laryngoscopy grade 4.",,,,Prognosis,Unclear,,no recorded source,,Not reported,Legacy/no recorded source,Exact outcome is not separately encoded in every frozen row; verify against source.,10507,64,1303,43,9097,9140,0.8698962596,0.01018368707,0.004704595186,0.003494766525,0.00633058524,0.01
431,433,mdcalc:10149,10149,El-Ganzouri Risk Index,https://www.mdcalc.com/calc/10149/el-ganzouri-risk-index-egri-difficult-airway,"El-Ganzouri 1996. El-Ganzouri Risk Index (EGRI) for Difficult Airway. Neck movement <80 degrees, Laryngoscopy grade >=3.",,,,Prognosis,Unclear,,no recorded source,,Not reported,Legacy/no recorded source,Exact outcome is not separately encoded in every frozen row; verify against source.,10507,67,160,575,9705,10280,0.9783953555,0.06110212239,0.05593385214,0.05165534494,0.0605441151,0.1
432,434,mdcalc:10149,10149,El-Ganzouri Risk Index,https://www.mdcalc.com/calc/10149/el-ganzouri-risk-index-egri-difficult-airway,"El-Ganzouri 1996. El-Ganzouri Risk Index (EGRI) for Difficult Airway. Neck movement <80 degrees, Laryngoscopy grade 4.",,,,Prognosis,Unclear,,no recorded source,,Not reported,Legacy/no recorded source,Exact outcome is not separately encoded in every frozen row; verify against source.,10507,18,209,89,10191,10280,0.9783953555,0.01018368707,0.008657587549,0.007041216732,0.01064103358,0.02
433,435,mdcalc:10149,10149,El-Ganzouri Risk Index,https://www.mdcalc.com/calc/10149/el-ganzouri-risk-index-egri-difficult-airway,"El-Ganzouri 1996. El-Ganzouri Risk Index (EGRI) for Difficult Airway. Inability to prognath, Laryngoscopy grade >=3.",,,,Prognosis,Unclear,,no recorded source,,Not reported,Legacy/no recorded source,Exact outcome is not separately encoded in every frozen row; verify against source.,10507,106,409,536,9456,9992,0.9509850576,0.06110212239,0.05364291433,0.04939417599,0.05823472782,0.1
434,436,mdcalc:10149,10149,El-Ganzouri Risk Index,https://www.mdcalc.com/calc/10149/el-ganzouri-risk-index-egri-difficult-airway,"El-Ganzouri 1996. El-Ganzouri Risk Index (EGRI) for Difficult Airway. Inability to prognath, Laryngoscopy grade 4.",,,,Prognosis,Unclear,,no recorded source,,Not reported,Legacy/no recorded source,Exact outcome is not separately encoded in every frozen row; verify against source.,10507,28,487,79,9913,9992,0.9509850576,0.01018368707,0.00790632506,0.006348960983,0.009841917943,0.01
435,437,mdcalc:10149,10149,El-Ganzouri Risk Index,https://www.mdcalc.com/calc/10149/el-ganzouri-risk-index-egri-difficult-airway,"El-Ganzouri 1996. El-Ganzouri Risk Index (EGRI) for Difficult Airway. Body weight >110 kg, Laryngoscopy grade >=3.",,,,Prognosis,Unclear,,no recorded source,,Not reported,Legacy/no recorded source,Exact outcome is not separately encoded in every frozen row; verify against source.,10507,71,532,571,9333,9904,0.9426096888,0.06110212239,0.05765347334,0.05323215732,0.06241780171,0.1
436,438,mdcalc:10149,10149,El-Ganzouri Risk Index,https://www.mdcalc.com/calc/10149/el-ganzouri-risk-index-egri-difficult-airway,"El-Ganzouri 1996. El-Ganzouri Risk Index (EGRI) for Difficult Airway. Body weight >110 kg, Laryngoscopy grade 4.",,,,Prognosis,Unclear,,no recorded source,,Not reported,Legacy/no recorded source,Exact outcome is not separately encoded in every frozen row; verify against source.,10507,14,589,93,9811,9904,0.9426096888,0.01018368707,0.009390145396,0.007671769324,0.01148895904,0.02
437,439,mdcalc:10149,10149,El-Ganzouri Risk Index,https://www.mdcalc.com/calc/10149/el-ganzouri-risk-index-egri-difficult-airway,"El-Ganzouri 1996. El-Ganzouri Risk Index (EGRI) for Difficult Airway. Positive history of difficult intubation, Laryngoscopy grade >=3.",,,,Prognosis,Unclear,,no recorded source,,Not reported,Legacy/no recorded source,Exact outcome is not separately encoded in every frozen row; verify against source.,10507,29,13,613,9852,10465,0.9960026649,0.06110212239,0.0585762064,0.0542369311,0.06323943566,0.1
438,440,mdcalc:10149,10149,El-Ganzouri Risk Index,https://www.mdcalc.com/calc/10149/el-ganzouri-risk-index-egri-difficult-airway,"El-Ganzouri 1996. El-Ganzouri Risk Index (EGRI) for Difficult Airway. Positive history of difficult intubation, Laryngoscopy grade 4.",,,,Prognosis,Unclear,,no recorded source,,Not reported,Legacy/no recorded source,Exact outcome is not separately encoded in every frozen row; verify against source.,10507,10,32,97,10368,10465,0.9960026649,0.01018368707,0.009268991878,0.007604588088,0.01129353542,0.02
439,441,mdcalc:1858,1858,EDACS,https://www.mdcalc.com/calc/1858/emergency-department-assessment-chest-pain-score-edacs,Than 2014. Emergency Department Assessment of Chest Pain Score (EDACS). Risk of MACE.,,,,Rule Out,Unclear,,no recorded source,,Not reported,Legacy/no recorded source,Exact outcome is not separately encoded in every frozen row; verify against source.,1974,302,836,3,833,836,0.4235055724,0.154508612,0.003588516746,0.001221153919,0.01049708018,0.02
440,442,mdcalc:3906,3906,EUTOS Score,https://www.mdcalc.com/calc/3906/eutos-score-chronic-myelogenous-leukemia-cml,Hasford 2011. EUTOS Score for Chronic Myelogenous Leukemia (CML),,,,Prognosis,Unclear,,no recorded source,,Not reported,Legacy/no recorded source,Exact outcome is not separately encoded in every frozen row; verify against source.,1197,40,79,151,927,1078,0.9005847953,0.1595655806,0.1400742115,0.1206315965,0.1620729129,0.2
441,443,mdcalc:10001,10001,Fatty Liver Index,https://www.mdcalc.com/calc/10001/fatty-liver-index,Bedogni 2006. Fatty Liver Index. Rule In: FLI>=60,,,,"Diagnosis, Prognosis",Unclear,,no recorded source,,Not reported,Legacy/no recorded source,Exact outcome is not separately encoded in every frozen row; verify against source.,495,138,37,89,231,320,0.6464646465,0.4585858586,0.278125,0.2318845294,0.3296293036,
442,444,mdcalc:10001,10001,Fatty Liver Index,https://www.mdcalc.com/calc/10001/fatty-liver-index,Bedogni 2006. Fatty Liver Index. Rule Out: FLI>=30,,,,"Diagnosis, Prognosis",Unclear,,no recorded source,,Not reported,Legacy/no recorded source,Exact outcome is not separately encoded in every frozen row; verify against source.,496,198,96,30,172,202,0.4072580645,0.4596774194,0.1485148515,0.1060537609,0.2040949292,
443,445,mdcalc:2200,2200,FIB-4 Index,https://www.mdcalc.com/calc/2200/fibrosis-4-fib-4-index-liver-fibrosis,Sterling 2006. Fibrosis-4 (FIB-4) Index for Liver Fibrosis. Rule Out: FIB-4< 1.45,,,,Diagnosis,Unclear,,no recorded source,,Not reported,Legacy/no recorded source,Exact outcome is not separately encoded in every frozen row; verify against source.,277,42,57,18,160,178,0.642599278,0.2166064982,0.1011235955,0.06492661669,0.1541733569,0.2
444,446,mdcalc:2200,2200,FIB-4 Index,https://www.mdcalc.com/calc/2200/fibrosis-4-fib-4-index-liver-fibrosis,Sterling 2006. Fibrosis-4 (FIB-4) Index for Liver Fibrosis. Rule In: FIB-4> 3.25,,,,Diagnosis,Unclear,,no recorded source,,Not reported,Legacy/no recorded source,Exact outcome is not separately encoded in every frozen row; verify against source.,277,13,7,47,210,257,0.9277978339,0.2166064982,0.1828793774,0.1404056307,0.2346937084,
445,447,mdcalc:4037,4037,FAST,https://www.mdcalc.com/calc/4037/focused-assessment-sonography-trauma-fast,Rozycki 1993. Focused Assessment with Sonography for Trauma (FAST),,,,Diagnosis,Unclear,,no recorded source,,Not reported,Legacy/no recorded source,Exact outcome is not separately encoded in every frozen row; verify against source.,472,71,13,19,369,388,0.8220338983,0.1906779661,0.04896907216,0.03157071019,0.07521089211,0.1
447,449,mdcalc:10094,10094,GALAD Model,https://www.mdcalc.com/calc/10094/galad-model-hepatocellular-carcinoma-hcc,Johnson 2014. GALAD Model for Hepatocellular Carcinoma (HCC),,,,"Formula, Diagnosis",Unclear,,no recorded source,,Not reported,Legacy/no recorded source,Exact outcome is not separately encoded in every frozen row; verify against source.,454,200,49,7,198,205,0.4515418502,0.4559471366,0.03414634146,0.01663711191,0.0687935249,0.1
448,450,mdcalc:10460,10460,HACOR Score,https://www.mdcalc.com/calc/10460/hacor-score,"Duan 2016. Failure of NIV in hypoxemic patients using HACOR score, 1 hour.",,,,Prognosis,Unclear,,no recorded source,,Not reported,Legacy/no recorded source,Exact outcome is not separately encoded in every frozen row; verify against source.,807,263,39,93,412,505,0.6257744734,0.4411400248,0.1841584158,0.1527798174,0.220305857,
449,451,mdcalc:10460,10460,HACOR Score,https://www.mdcalc.com/calc/10460/hacor-score,"Duan 2016. Failure of NIV in hypoxemic patients using HACOR score, 12 hours.",,,,Prognosis,Unclear,,no recorded source,,Not reported,Legacy/no recorded source,Exact outcome is not separately encoded in every frozen row; verify against source.,667,176,31,87,373,460,0.6896551724,0.3943028486,0.1891304348,0.1559736229,0.227436388,
450,452,mdcalc:10460,10460,HACOR Score,https://www.mdcalc.com/calc/10460/hacor-score,"Duan 2016. Failure of NIV in hypoxemic patients using HACOR score, 24 hours.",,,,Prognosis,Unclear,,no recorded source,,Not reported,Legacy/no recorded source,Exact outcome is not separately encoded in every frozen row; verify against source.,555,118,24,74,339,413,0.7441441441,0.3459459459,0.1791767554,0.1451995204,0.2190671705,
451,453,mdcalc:10460,10460,HACOR Score,https://www.mdcalc.com/calc/10460/hacor-score,"Duan 2016. Failure of NIV in hypoxemic patients using HACOR score, 48 hours. ",,,,Prognosis,Unclear,,no recorded source,,Not reported,Legacy/no recorded source,Exact outcome is not separately encoded in every frozen row; verify against source.,438,85,13,56,284,340,0.7762557078,0.3219178082,0.1647058824,0.1290681353,0.2078355621,
452,454,mdcalc:10460,10460,HACOR Score,https://www.mdcalc.com/calc/10460/hacor-score,"Duan 2016. Failure of NIV in hypoxemic patients using HACOR score, test group.",,,,Prognosis,Unclear,,no recorded source,,Not reported,Legacy/no recorded source,Exact outcome is not separately encoded in every frozen row; verify against source.,449,50,9,165,225,390,0.868596882,0.4788418708,0.4230769231,0.3750286196,0.4726258143,
453,455,mdcalc:10460,10460,HACOR Score,https://www.mdcalc.com/calc/10460/hacor-score,"Duan 2016. Failure of NIV in hypoxemic patients using HACOR score, validation group.",,,,Prognosis,Unclear,,no recorded source,,Not reported,Legacy/no recorded source,Exact outcome is not separately encoded in every frozen row; verify against source.,358,38,6,103,211,314,0.8770949721,0.3938547486,0.3280254777,0.2784474904,0.3817604623,
454,456,mdcalc:3286,3286,Harmless Acute Pancreatitis Score,https://www.mdcalc.com/calc/3286/harmless-acute-pancreatitis-score-haps,"Lankisch 2009. Need for intensive care in first time Acute Pancreatitis patients using HAPS score, initial.",,,,Prognosis,Unclear,,no recorded source,,Not reported,Legacy/no recorded source,Exact outcome is not separately encoded in every frozen row; verify against source.,394,67,231,2,94,96,0.2436548223,0.1751269036,0.02083333333,0.005731969852,0.07280713518,0.1
455,457,mdcalc:3286,3286,Harmless Acute Pancreatitis Score,https://www.mdcalc.com/calc/3286/harmless-acute-pancreatitis-score-haps,"Lankisch 2009. Need for intensive care in first time Acute Pancreatitis patients using HAPS score, validation.",,,,Prognosis,Unclear,,no recorded source,,Not reported,Legacy/no recorded source,Exact outcome is not separately encoded in every frozen row; verify against source.,449,63,278,2,106,108,0.2405345212,0.144766147,0.01851851852,0.005093224345,0.065019048,0.1
456,458,mdcalc:807,807,HAS-BLED,https://www.mdcalc.com/calc/807/has-bled-score-major-bleeding-risk,Pisters 2010. HAS-BLED score for major bleeding risk. ,,,,"Prognosis, Treatment",Unclear,,no recorded source,,Not reported,Legacy/no recorded source,Exact outcome is not separately encoded in every frozen row; verify against source.,3071,12,231,36,2792,2828,0.9208726799,0.01563008792,0.01272984441,0.009209280698,0.01757239473,0.02
457,459,mdcalc:807,807,HAS-BLED,https://www.mdcalc.com/calc/807/has-bled-score-major-bleeding-risk,Pisters 2010. Derivation bleed score for major bleeding risk. ,,,,"Prognosis, Treatment",Unclear,,no recorded source,,Not reported,Legacy/no recorded source,Exact outcome is not separately encoded in every frozen row; verify against source.,3381,11,45,40,3285,3325,0.983436853,0.01508429459,0.01203007519,0.008847163388,0.01633921447,0.02
458,460,mdcalc:10481,10481,HCM Risk-SCD,https://www.mdcalc.com/calc/10481/hcm-risk-scd,"O'Mahony 2014. Sudden Cardiac Death risk in patients with hypertrophic cardiomyopathy, ≥2 conventional RFs, ≥3% 5-yr risk",,,,Prognosis,Unclear,,no recorded source,,Not reported,Legacy/no recorded source,Exact outcome is not separately encoded in every frozen row; verify against source.,412,32,371,0,9,9,0.02184466019,0.07766990291,0,2.775557562e-17,0.2991450484,
459,461,mdcalc:10481,10481,HCM Risk-SCD,https://www.mdcalc.com/calc/10481/hcm-risk-scd,"O'Mahony 2014. Sudden Cardiac Death risk in patients with hypertrophic cardiomyopathy, ≥2 conventional RFs, ≥4% 5-yr risk",,,,Prognosis,Unclear,,no recorded source,,Not reported,Legacy/no recorded source,Exact outcome is not separately encoded in every frozen row; verify against source.,412,32,348,0,32,32,0.07766990291,0.07766990291,0,0,0.1071791983,0.2
460,462,mdcalc:10481,10481,HCM Risk-SCD,https://www.mdcalc.com/calc/10481/hcm-risk-scd,"O'Mahony 2014. Sudden Cardiac Death risk in patients with hypertrophic cardiomyopathy, ≥2 conventional RFs, ≥5% 5-yr risk",,,,Prognosis,Unclear,,no recorded source,,Not reported,Legacy/no recorded source,Exact outcome is not separately encoded in every frozen row; verify against source.,412,32,311,0,69,69,0.1674757282,0.07766990291,0,3.469446952e-18,0.05273725819,0.1
461,463,mdcalc:10481,10481,HCM Risk-SCD,https://www.mdcalc.com/calc/10481/hcm-risk-scd,"O'Mahony 2014. Sudden Cardiac Death risk in patients with hypertrophic cardiomyopathy, ≥2 conventional RFs, ≥6% 5-yr risk",,,,Prognosis,Unclear,,no recorded source,,Not reported,Legacy/no recorded source,Exact outcome is not separately encoded in every frozen row; verify against source.,412,31,249,1,131,132,0.3203883495,0.07766990291,0.007575757576,0.001338561355,0.0416634711,0.05
462,464,mdcalc:10481,10481,HCM Risk-SCD,https://www.mdcalc.com/calc/10481/hcm-risk-scd,"O'Mahony 2014. Sudden Cardiac Death risk in patients with hypertrophic cardiomyopathy, 1 RF, ≥3% 5-yr risk",,,,Prognosis,Unclear,,no recorded source,,Not reported,Legacy/no recorded source,Exact outcome is not separately encoded in every frozen row; verify against source.,1074,27,709,0,338,338,0.3147113594,0.0251396648,0,0,0.01123754513,0.02
463,465,mdcalc:10481,10481,HCM Risk-SCD,https://www.mdcalc.com/calc/10481/hcm-risk-scd,"O'Mahony 2014. Sudden Cardiac Death risk in patients with hypertrophic cardiomyopathy, 1 RF, ≥4% 5-yr risk",,,,Prognosis,Unclear,,no recorded source,,Not reported,Legacy/no recorded source,Exact outcome is not separately encoded in every frozen row; verify against source.,1074,24,467,3,580,583,0.54283054,0.0251396648,0.005145797599,0.00175154648,0.01501867088,0.02
464,466,mdcalc:10481,10481,HCM Risk-SCD,https://www.mdcalc.com/calc/10481/hcm-risk-scd,"O'Mahony 2014. Sudden Cardiac Death risk in patients with hypertrophic cardiomyopathy, 1 RF, ≥5% 5-yr risk",,,,Prognosis,Unclear,,no recorded source,,Not reported,Legacy/no recorded source,Exact outcome is not separately encoded in every frozen row; verify against source.,1074,18,293,9,754,763,0.7104283054,0.0251396648,0.01179554391,0.006217877884,0.02226448776,0.05
465,467,mdcalc:10481,10481,HCM Risk-SCD,https://www.mdcalc.com/calc/10481/hcm-risk-scd,"O'Mahony 2014. Sudden Cardiac Death risk in patients with hypertrophic cardiomyopathy, 1 RF, ≥6% 5-yr risk",,,,Prognosis,Unclear,,no recorded source,,Not reported,Legacy/no recorded source,Exact outcome is not separately encoded in every frozen row; verify against source.,1074,12,170,15,877,892,0.8305400372,0.0251396648,0.0168161435,0.01021688734,0.02755928219,0.05
466,468,mdcalc:10481,10481,HCM Risk-SCD,https://www.mdcalc.com/calc/10481/hcm-risk-scd,"O'Mahony 2014. Sudden Cardiac Death risk in patients with hypertrophic cardiomyopathy, 0 RF, ≥2% 5-yr risk",,,,Prognosis,Unclear,,no recorded source,,Not reported,Legacy/no recorded source,Exact outcome is not separately encoded in every frozen row; verify against source.,1580,18,733,7,822,829,0.5246835443,0.01582278481,0.008443908323,0.004096136493,0.01732625865,0.02
467,469,mdcalc:10481,10481,HCM Risk-SCD,https://www.mdcalc.com/calc/10481/hcm-risk-scd,"O'Mahony 2014. Sudden Cardiac Death risk in patients with hypertrophic cardiomyopathy, 0 RF, ≥3% 5-yr risk",,,,Prognosis,Unclear,,no recorded source,,Not reported,Legacy/no recorded source,Exact outcome is not separately encoded in every frozen row; verify against source.,1580,8,264,17,1291,1308,0.8278481013,0.01582278481,0.0129969419,0.008130339526,0.02071572153,0.05
468,470,mdcalc:10481,10481,HCM Risk-SCD,https://www.mdcalc.com/calc/10481/hcm-risk-scd,"O'Mahony 2014. Sudden Cardiac Death risk in patients with hypertrophic cardiomyopathy, 0 RF, ≥4% 5-yr risk",,,,Prognosis,Unclear,,no recorded source,,Not reported,Legacy/no recorded source,Exact outcome is not separately encoded in every frozen row; verify against source.,1580,4,81,21,1474,1495,0.9462025316,0.01582278481,0.01404682274,0.00920568621,0.02137890868,0.05
469,471,mdcalc:10481,10481,HCM Risk-SCD,https://www.mdcalc.com/calc/10481/hcm-risk-scd,"O'Mahony 2014. Sudden Cardiac Death risk in patients with hypertrophic cardiomyopathy, 0 RF, ≥5% 5-yr risk",,,,Prognosis,Unclear,,no recorded source,,Not reported,Legacy/no recorded source,Exact outcome is not separately encoded in every frozen row; verify against source.,1580,0,24,25,1531,1556,0.9848101266,0.01582278481,0.01606683805,0.01090624465,0.02361101896,0.05
473,475,mdcalc:1752,1752,HEART Score,https://www.mdcalc.com/calc/1752/heart-score-major-cardiac-events,"Moumneh 2018. MACE risk in chest pain patients using HEART score, full cohort, rule-out cutoff (≥4).",,,,"Diagnosis, Rule Out",Unclear,,no recorded source,,Not reported,Legacy/no recorded source,Exact outcome is not separately encoded in every frozen row; verify against source.,641,61,176,0,404,404,0.6302652106,0.09516380655,0,0,0.009419000294,0.01
474,476,mdcalc:1752,1752,HEART Score,https://www.mdcalc.com/calc/1752/heart-score-major-cardiac-events,"Moumneh 2018. MACE risk in chest pain patients using HEART score, full cohort, rule-in cutoff (>6).",,,,"Diagnosis, Rule Out",Unclear,,no recorded source,,Not reported,Legacy/no recorded source,Exact outcome is not separately encoded in every frozen row; verify against source.,641,40,18,21,562,583,0.9095163807,0.09516380655,0.03602058319,0.02367852573,0.05443705069,0.1
476,478,mdcalc:1752,1752,HEART Score,https://www.mdcalc.com/calc/1752/heart-score-major-cardiac-events,"Moumneh 2018. MACE risk in chest pain patients using HEART score, per-protocol (troponin-tested) subgroup.",,,,"Diagnosis, Rule Out",Unclear,,no recorded source,,Not reported,Legacy/no recorded source,Exact outcome is not separately encoded in every frozen row; verify against source.,503,61,157,0,285,285,0.5666003976,0.1212723658,0,0,0.01329954099,0.02
477,479,mdcalc:111,111,TIMI Risk Score for UA/NSTEMI,https://www.mdcalc.com/calc/111/timi-risk-score-ua-nstemi,"Moumneh 2018. MACE risk in chest pain patients using TIMI score, per-protocol (troponin-tested) subgroup.",,,,"Prognosis, Rule Out",Unclear,,no recorded source,,Not reported,Legacy/no recorded source,Exact outcome is not separately encoded in every frozen row; verify against source.,503,60,333,1,109,110,0.2186878728,0.1212723658,0.009090909091,0.001606575304,0.04970565208,0.05
478,480,mdcalc:1099,1099,GRACE ACS Calculator,https://www.mdcalc.com/calc/1099/grace-acs-risk-mortality-calculator,"Moumneh 2018. MACE risk in chest pain patients using GRACE score, per-protocol (troponin-tested) subgroup.",,,,Prognosis,Unclear,,no recorded source,,Not reported,Legacy/no recorded source,Exact outcome is not separately encoded in every frozen row; verify against source.,503,47,154,14,288,302,0.6003976143,0.1212723658,0.04635761589,0.02781217427,0.07629882148,0.1
479,481,mdcalc:3975,3975,HEART Pathway,https://www.mdcalc.com/calc/3975/heart-pathway-early-discharge-acute-chest-pain,"Mahler 2015. MACE risk in chest pain patients using HEART Pathway, high-risk cutoff.",,,,"Diagnosis, Prognosis",Unclear,,no recorded source,,Not reported,Legacy/no recorded source,Exact outcome is not separately encoded in every frozen row; verify against source.,141,8,67,0,66,66,0.4680851064,0.05673758865,0,0,0.05500255701,0.1
481,483,mdcalc:1785,1785,HEMORR2HAGES Score,https://www.mdcalc.com/calc/1785/hemorr2hages-score-major-bleeding-risk,"Gage 2006. Major bleeding risk in warfarin patients using HEMORR2HAGES score, rule-out cutoff (≥2).",,,,"Prognosis, Treatment",Unclear,,no recorded source,,Not reported,Legacy/no recorded source,Exact outcome is not separately encoded in every frozen row; verify against source.,1604,52,835,15,702,717,0.4470074813,0.04177057357,0.02092050209,0.01271839851,0.03422876082,0.05
482,484,mdcalc:1785,1785,HEMORR2HAGES Score,https://www.mdcalc.com/calc/1785/hemorr2hages-score-major-bleeding-risk,"Gage 2006. Major bleeding risk in warfarin patients using HEMORR2HAGES score, rule-in cutoff (≥4).",,,,"Prognosis, Treatment",Unclear,,no recorded source,,Not reported,Legacy/no recorded source,Exact outcome is not separately encoded in every frozen row; verify against source.,1604,17,176,50,1361,1411,0.8796758105,0.04177057357,0.03543586109,0.02698154418,0.04641286915,0.05
483,485,mdcalc:10184,10184,HINTS,https://www.mdcalc.com/calc/10184/hints-stroke-acute-vestibular-syndrome,"Kattah 2009. Ischemic stroke in acute vestibular syndrome using HINTS three-step oculomotor exam, ischemic-stroke-vs-peripheral subset (7 non-ischemic central cases excluded), dangerous-HINTS cutoff.",,,,Diagnosis,Unclear,,no recorded source,,Not reported,Legacy/no recorded source,Exact outcome is not separately encoded in every frozen row; verify against source.,94,69,1,0,24,24,0.2553191489,0.7340425532,0,1.387778781e-17,0.1379762047,0.2
484,486,mdcalc:1789,1789,HEP Score,https://www.mdcalc.com/calc/1789/hit-expert-probability-hep-score-heparin-induced-thrombocytopenia,Cuker 2010. HIT testing using HEP score (≥2),,,,Diagnosis,Unclear,,no recorded source,,Not reported,Legacy/no recorded source,Exact outcome is not separately encoded in every frozen row; verify against source.,50,7,17,0,26,26,0.52,0.14,0,0,0.1287289219,0.2
485,487,mdcalc:1789,1789,HEP Score,https://www.mdcalc.com/calc/1789/hit-expert-probability-hep-score-heparin-induced-thrombocytopenia,Cuker 2010. HIT testing using HEP score (≥5),,,,Diagnosis,Unclear,,no recorded source,,Not reported,Legacy/no recorded source,Exact outcome is not separately encoded in every frozen row; verify against source.,50,6,5,1,38,39,0.78,0.14,0.02564102564,0.004540703101,0.1318099017,0.2
486,488,mdcalc:10165,10165,HE-MACS,https://www.mdcalc.com/calc/10165/history-electrocardiogram-manchester-acute-coronary-syndromes-macs,"Alghamdi 2019. HE-MACS, derivation, very low risk (rule-out)",,,,"Diagnosis, Rule Out",Unclear,,no recorded source,,Not reported,Legacy/no recorded source,Exact outcome is not separately encoded in every frozen row; verify against source.,796,179,573,0,44,44,0.05527638191,0.2248743719,0,0,0.08029560376,0.1
487,489,mdcalc:10165,10165,HE-MACS,https://www.mdcalc.com/calc/10165/history-electrocardiogram-manchester-acute-coronary-syndromes-macs,"Alghamdi 2019. HE-MACS, validation 1, very low risk (rule-out)",,,,"Diagnosis, Rule Out",Unclear,,no recorded source,,Not reported,Legacy/no recorded source,Exact outcome is not separately encoded in every frozen row; verify against source.,474,93,355,0,26,26,0.05485232068,0.1962025316,0,0,0.1287289219,0.2
488,490,mdcalc:10165,10165,HE-MACS,https://www.mdcalc.com/calc/10165/history-electrocardiogram-manchester-acute-coronary-syndromes-macs,"Alghamdi 2019. HE-MACS, validation 2, very low risk (rule-out)",,,,"Diagnosis, Rule Out",Unclear,,no recorded source,,Not reported,Legacy/no recorded source,Exact outcome is not separately encoded in every frozen row; verify against source.,659,90,489,1,79,80,0.1213960546,0.1380880121,0.0125,0.00220997552,0.06746270078,0.1
489,491,mdcalc:10165,10165,HE-MACS,https://www.mdcalc.com/calc/10165/history-electrocardiogram-manchester-acute-coronary-syndromes-macs,"Alghamdi 2019. HE-MACS, derivation, high risk (rule-in)",,,,"Diagnosis, Rule Out",Unclear,,no recorded source,,Not reported,Legacy/no recorded source,Exact outcome is not separately encoded in every frozen row; verify against source.,796,79,31,100,586,686,0.8618090452,0.2248743719,0.1457725948,0.1213385057,0.1741517931,0.2
490,492,mdcalc:10165,10165,HE-MACS,https://www.mdcalc.com/calc/10165/history-electrocardiogram-manchester-acute-coronary-syndromes-macs,"Alghamdi 2019. HE-MACS, validation 1, high risk (rule-in)",,,,"Diagnosis, Rule Out",Unclear,,no recorded source,,Not reported,Legacy/no recorded source,Exact outcome is not separately encoded in every frozen row; verify against source.,474,23,21,70,360,430,0.9071729958,0.1962025316,0.1627906977,0.1309096784,0.2006433715,
491,493,mdcalc:10165,10165,HE-MACS,https://www.mdcalc.com/calc/10165/history-electrocardiogram-manchester-acute-coronary-syndromes-macs,"Alghamdi 2019. HE-MACS, validation 2, high risk (rule-in)",,,,"Diagnosis, Rule Out",Unclear,,no recorded source,,Not reported,Legacy/no recorded source,Exact outcome is not separately encoded in every frozen row; verify against source.,659,12,8,79,560,639,0.9696509863,0.1380880121,0.1236306729,0.1003355328,0.1514239898,0.2
493,495,mdcalc:10089,10089,HScore,https://www.mdcalc.com/calc/10089/hscore-reactive-hemophagocytic-syndrome,Fardet 2014. HScore >= 169 for diagnosis of reactive hemophagocytic syndrome,,,,Diagnosis,Unclear,,no recorded source,,Not reported,Legacy/no recorded source,Exact outcome is not separately encoded in every frozen row; verify against source.,266,151,11,15,89,104,0.3909774436,0.6240601504,0.1442307692,0.08939607699,0.2244114252,
494,496,mdcalc:10225,10225,INTERCHEST,https://www.mdcalc.com/calc/10225/interchest-clinical-prediction-rule-chest-pain-primary-care,"Aerts 2017. INTERCHEST, ruling our CAD in patients with chest pain. Verdon 2008.",,,,Diagnosis,Unclear,,no recorded source,,Not reported,Legacy/no recorded source,Exact outcome is not separately encoded in every frozen row; verify against source.,644,75,99,10,460,470,0.7298136646,0.1319875776,0.02127659574,0.01159728722,0.03871797831,0.05
495,497,mdcalc:10225,10225,INTERCHEST,https://www.mdcalc.com/calc/10225/interchest-clinical-prediction-rule-chest-pain-primary-care,"Aerts 2017. INTERCHEST, ruling our CAD in patients with chest pain. Bosner 2010.",,,,Diagnosis,Unclear,,no recorded source,,Not reported,Legacy/no recorded source,Exact outcome is not separately encoded in every frozen row; verify against source.,1238,147,277,32,782,814,0.6575121163,0.1445880452,0.03931203931,0.02798241419,0.0549694319,0.1
